{"type":"FeatureCollection","features":[{"type":"Feature","id":"1205","properties":{"name":"Annapolis","st":"12"},"geometry":{"type":"Polygon","coordinates":[[[-65.0365,45.0946],[-64.7732,44.6636],[-65.0615,44.4548],[-65.152,44.4606],[-65.3316,44.3116],[-65.7939,44.7283],[-65.0365,45.0946]]]}},{"type":"Feature","id":"1206","properties":{"name":"Lunenburg","st":"12"},"geometry":{"type":"Polygon","coordinates":[[[-64.4322,44.8993],[-63.9972,44.59],[-63.9642,44.5036],[-64.0031,44.5015],[-64.0,44.4097],[-64.4595,44.0891],[-64.8778,44.4186],[-64.8545,44.4595],[-64.9455,44.5375],[-64.4322,44.8993]]]}},{"type":"Feature","id":"1207","properties":{"name":"Kings","st":"12"},"geometry":{"type":"Polygon","coordinates":[[[-64.1699,45.0781],[-64.7732,44.6636],[-65.0365,45.0946],[-64.6964,45.222],[-64.5203,45.332],[-64.2224,45.3412],[-64.2202,45.1211],[-64.1699,45.0781]]]}},{"type":"Feature","id":"1208","properties":{"name":"Hants","st":"12"},"geometry":{"type":"Polygon","coordinates":[[[-63.5132,45.3394],[-63.395,45.1974],[-63.3873,45.0582],[-63.4212,45.058],[-63.4331,45.0014],[-63.5306,44.9322],[-63.5919,44.9496],[-63.7525,44.8959],[-63.8445,44.7895],[-64.2371,44.7609],[-64.4322,44.8993],[-64.1699,45.0781],[-64.2202,45.1211],[-64.2224,45.3412],[-63.9716,45.3032],[-63.8788,45.309],[-63.7971,45.3545],[-63.5132,45.3394]]]}},{"type":"Feature","id":"1209","properties":{"name":"Halifax","st":"12"},"geometry":{"type":"MultiPolygon","coordinates":[[[[-60.1986,43.9443],[-60.295,44.0],[-59.9751,43.967],[-59.6705,44.0513],[-59.671,44.014],[-59.7576,43.9495],[-59.8804,43.9085],[-60.1986,43.9443]]],[[[-62.7173,45.2753],[-62.1762,44.9884],[-62.0731,44.8794],[-62.1972,44.8101],[-62.5925,44.7577],[-62.8843,44.6425],[-63.0462,44.6138],[-63.2153,44.6209],[-63.4993,44.5629],[-63.5393,44.4136],[-63.7459,44.4218],[-63.7973,44.4369],[-63.7815,44.4622],[-63.9506,44.4851],[-63.9972,44.59],[-64.2372,44.7609],[-63.848,44.7882],[-63.7031,44.9195],[-63.5919,44.9496],[-63.5306,44.9322],[-63.4331,45.0014],[-63.4209,45.0582],[-63.3558,45.0292],[-62.7173,45.2753]]]]}},{"type":"Feature","id":"1210","properties":{"name":"Colchester","st":"12"},"geometry":{"type":"Polygon","coordinates":[[[-63.1875,45.8099],[-63.0085,45.4861],[-62.7141,45.2759],[-63.3367,45.0354],[-63.4006,45.0347],[-63.395,45.1974],[-63.5132,45.3394],[-63.7971,45.3545],[-63.8788,45.309],[-63.9716,45.3032],[-64.0893,45.3314],[-64.1337,45.548],[-63.7671,45.5427],[-63.7171,45.4919],[-63.5484,45.5511],[-63.4524,45.6281],[-63.4797,45.6884],[-63.4025,45.7623],[-63.2984,45.7583],[-63.1875,45.8099]]]}},{"type":"Feature","id":"1211","properties":{"name":"Cumberland","st":"12"},"geometry":{"type":"Polygon","coordinates":[[[-63.1876,45.8099],[-63.3399,45.7511],[-63.4025,45.7623],[-63.4797,45.6884],[-63.4524,45.6281],[-63.5484,45.5511],[-63.7171,45.4919],[-63.7671,45.5427],[-64.1337,45.548],[-64.0893,45.3314],[-64.5203,45.332],[-64.6964,45.222],[-65.0393,45.0935],[-65.0263,45.253],[-64.9337,45.4495],[-64.4858,45.703],[-64.352,45.853],[-64.283,45.8298],[-64.1494,45.9801],[-64.0468,45.9768],[-64.0254,46.0225],[-63.5793,46.1002],[-63.3308,46.0682],[-63.1876,45.8099]]]}},{"type":"Feature","id":"1212","properties":{"name":"Pictou","st":"12"},"geometry":{"type":"Polygon","coordinates":[[[-62.5,45.8209],[-62.6036,45.7231],[-62.4528,45.6719],[-62.2479,45.7494],[-62.0914,45.3837],[-62.7145,45.2761],[-63.0099,45.4876],[-63.3307,46.0682],[-63.1049,46.0031],[-62.912,45.8852],[-62.7544,45.8583],[-62.5,45.8613],[-62.5,45.8209]]]}},{"type":"Feature","id":"1213","properties":{"name":"Guysborough","st":"12"},"geometry":{"type":"Polygon","coordinates":[[[-61.2934,45.5348],[-61.1626,45.5116],[-61.0738,45.4329],[-60.8979,45.3872],[-60.9282,45.2776],[-61.1124,45.1661],[-61.4513,45.1438],[-61.5626,45.0612],[-61.9965,44.9762],[-61.9975,44.914],[-62.0732,44.8795],[-62.1762,44.9884],[-62.7145,45.2761],[-61.9443,45.3994],[-61.7337,45.4911],[-61.7396,45.5262],[-61.4321,45.6502],[-61.2934,45.5348]]]}},{"type":"Feature","id":"1214","properties":{"name":"Antigonish","st":"12"},"geometry":{"type":"Polygon","coordinates":[[[-61.6581,46.0001],[-61.432,45.6501],[-61.7396,45.5262],[-61.7337,45.4911],[-61.9443,45.3994],[-62.0914,45.3837],[-62.2387,45.7585],[-61.9989,45.8985],[-61.6581,46.0001]]]}},{"type":"Feature","id":"1215","properties":{"name":"Inverness","st":"12"},"geometry":{"type":"Polygon","coordinates":[[[-61.0511,46.1148],[-60.9761,45.9095],[-60.81,45.8501],[-61.0017,45.7869],[-61.3471,45.6056],[-61.4528,45.6739],[-61.6562,46.0001],[-61.5837,45.9998],[-61.4598,46.172],[-61.3066,46.2499],[-61.2748,46.3696],[-61.0779,46.5001],[-61.0439,46.6429],[-60.7162,46.9787],[-60.6201,47.0602],[-60.5646,47.0611],[-60.7473,46.5052],[-61.0511,46.1148]]]}},{"type":"Feature","id":"1001","properties":{"name":"Division No.  1","st":"10"},"geometry":{"type":"Polygon","coordinates":[[[-52.7805,48.1752],[-52.8369,47.9899],[-52.8258,47.8776],[-52.6205,47.6892],[-52.6553,47.5631],[-52.5823,47.5008],[-52.7525,47.2501],[-52.7495,46.9424],[-52.8304,46.8424],[-53.0,46.75],[-53.1094,46.6001],[-53.4639,46.6158],[-53.6325,46.5956],[-53.7565,46.6589],[-53.8408,46.7575],[-54.141,46.7665],[-54.2283,46.8334],[-54.139,47.1107],[-54.0531,47.2327],[-54.0938,47.3714],[-54.0241,47.4865],[-54.0134,47.6672],[-54.0963,47.8061],[-54.0861,47.8752],[-53.974,47.9585],[-53.8832,47.9556],[-53.7947,47.8955],[-53.7357,47.8992],[-53.6209,47.8454],[-53.501,47.9511],[-52.9583,48.25],[-52.7805,48.1752]]]}},{"type":"Feature","id":"1002","properties":{"name":"Division No.  2","st":"10"},"geometry":{"type":"Polygon","coordinates":[[[-54.1164,48.0817],[-53.974,47.9585],[-54.0889,47.8708],[-54.0963,47.8061],[-54.0134,47.6672],[-54.0218,47.4997],[-54.0938,47.3714],[-54.0531,47.2327],[-54.1832,47.0001],[-54.3591,47.0134],[-54.499,46.8465],[-54.6821,46.7985],[-55.9572,46.7948],[-56.0,46.8422],[-55.9979,47.2166],[-55.7923,47.2213],[-55.4675,47.3593],[-55.2286,47.4658],[-55.0072,47.6691],[-54.888,47.6891],[-54.8544,47.7395],[-54.8772,47.8633],[-54.7754,47.8631],[-54.7379,47.9278],[-54.7597,47.9701],[-54.6897,48.0259],[-54.7617,48.1019],[-54.6331,48.1521],[-54.6427,48.1941],[-54.5693,48.1747],[-54.5336,48.206],[-54.4325,48.2037],[-54.3161,48.0605],[-54.1164,48.0817]]]}},{"type":"Feature","id":"1003","properties":{"name":"Division No.  3","st":"10"},"geometry":{"type":"Polygon","coordinates":[[[-54.8847,48.1687],[-54.8164,48.177],[-54.6897,48.0259],[-54.7597,47.9701],[-54.7379,47.9278],[-54.7754,47.8631],[-54.8772,47.8633],[-54.8544,47.7395],[-54.888,47.6891],[-55.0198,47.6612],[-55.2286,47.4658],[-55.7923,47.2213],[-55.9979,47.2166],[-55.997,47.3163],[-56.4387,47.4393],[-56.8208,47.3546],[-56.9502,47.3593],[-57.9981,47.5814],[-58.8437,47.5596],[-59.0007,47.5087],[-59.2027,47.5007],[-59.3362,47.6191],[-59.3427,47.6514],[-59.1775,47.7533],[-59.042,47.7555],[-58.9977,47.8258],[-58.8989,47.8468],[-58.8007,47.8294],[-58.7368,47.8955],[-58.6559,47.8681],[-58.6338,47.8983],[-58.5163,47.9193],[-58.509,47.9697],[-58.4603,47.9435],[-58.3262,47.9944],[-58.3832,48.0719],[-58.3128,48.1117],[-58.1628,48.095],[-58.157,48.147],[-58.0778,48.159],[-58.0965,48.1968],[-57.9941,48.1698],[-57.9719,48.2274],[-57.7123,48.2388],[-57.5805,48.2972],[-57.561,48.359],[-57.4731,48.339],[-57.2466,48.4744],[-57.2194,48.4447],[-57.2957,48.369],[-57.1705,48.4122],[-57.201,48.3904],[-57.1751,48.3578],[-57.0125,48.3685],[-57.0276,48.3112],[-56.9885,48.2949],[-56.9264,48.3272],[-56.8211,48.3138],[-56.7608,48.3687],[-56.7284,48.3429],[-56.6765,48.3673],[-56.5223,48.5257],[-56.2838,48.4923],[-56.2509,48.524],[-56.0924,48.5396],[-55.9634,48.3885],[-55.8968,48.3809],[-55.9084,48.2502],[-55.7894,48.2236],[-55.7591,48.25],[-55.6253,48.2501],[-55.625,48.2814],[-55.4422,48.2825],[-55.4504,48.2537],[-55.2785,48.2686],[-55.25,48.2141],[-55.152,48.2876],[-55.0424,48.2289],[-55.0632,48.1746],[-54.9909,48.1883],[-54.9675,48.2474],[-54.8891,48.2279],[-54.8847,48.1687]]]}},{"type":"Feature","id":"1004","properties":{"name":"Division No.  4","st":"10"},"geometry":{"type":"Polygon","coordinates":[[[-58.1861,48.8772],[-58.108,48.813],[-58.1887,48.7278],[-58.1637,48.682],[-57.9585,48.6539],[-57.9496,48.6189],[-57.8625,48.5869],[-57.5626,48.5091],[-57.3929,48.5222],[-57.5791,48.488],[-57.6672,48.5047],[-57.6783,48.457],[-57.6102,48.4699],[-57.6192,48.449],[-57.5511,48.4289],[-57.6336,48.3469],[-57.7378,48.3079],[-57.8387,48.3361],[-57.9702,48.2571],[-57.9216,48.2236],[-57.9878,48.2197],[-57.9941,48.1698],[-58.0996,48.1946],[-58.0778,48.159],[-58.157,48.147],[-58.1628,48.095],[-58.3151,48.1106],[-58.3832,48.0719],[-58.3304,47.9919],[-58.4603,47.9435],[-58.509,47.9697],[-58.5163,47.9193],[-58.6338,47.8983],[-58.6559,47.8681],[-58.7368,47.8955],[-58.8007,47.8294],[-58.8989,47.8468],[-59.0011,47.8247],[-59.042,47.7555],[-59.1775,47.7533],[-59.3427,47.6514],[-59.3484,47.7571],[-59.4654,48.0],[-59.3045,48.1334],[-59.0569,48.2501],[-59.2487,48.38],[-59.2979,48.4643],[-59.2013,48.6297],[-59.1112,48.6871],[-58.9004,48.7498],[-58.5835,48.9473],[-58.4299,48.9632],[-58.339,48.8958],[-58.1861,48.8772]]]}},{"type":"Feature","id":"1005","properties":{"name":"Division No.  5","st":"10"},"geometry":{"type":"Polygon","coordinates":[[[-56.438,50.116],[-56.7925,49.635],[-56.7078,49.5942],[-56.7248,49.4749],[-56.7662,49.4795],[-56.8532,49.388],[-56.9815,49.3463],[-56.9822,49.2387],[-56.6405,49.1834],[-56.7221,49.0677],[-56.6946,49.0352],[-56.8824,48.9068],[-56.9362,48.9114],[-56.9687,48.8654],[-57.1018,48.8316],[-57.0932,48.8568],[-57.144,48.8547],[-57.1492,48.8801],[-57.2482,48.8912],[-57.375,48.8438],[-57.4195,48.7169],[-57.5028,48.6696],[-57.4238,48.6034],[-57.496,48.5793],[-57.4051,48.573],[-57.4248,48.5198],[-57.5626,48.5091],[-57.8625,48.5869],[-57.9496,48.6189],[-57.9585,48.6539],[-58.1637,48.682],[-58.1887,48.7278],[-58.113,48.7942],[-58.1321,48.8493],[-58.339,48.8958],[-58.428,48.9628],[-58.5835,48.9473],[-58.5,49.0077],[-58.5,49.1833],[-58.3716,49.3434],[-58.2236,49.3219],[-58.1385,49.3433],[-58.1187,49.3057],[-58.0263,49.333],[-57.9823,49.2873],[-57.9071,49.2811],[-57.8152,49.3134],[-57.7331,49.3179],[-57.7233,49.2896],[-57.5689,49.3128],[-57.4264,49.3741],[-57.4571,49.4206],[-57.5217,49.4074],[-57.502,49.4759],[-57.686,49.5955],[-57.6318,49.6466],[-57.6986,49.6914],[-57.6007,49.6972],[-57.5836,49.7212],[-57.6685,49.7445],[-57.6567,49.7756],[-57.5162,49.7807],[-57.5129,49.8283],[-57.411,49.8517],[-57.4532,49.8608],[-57.4012,49.9062],[-57.4344,49.9626],[-57.1993,50.031],[-57.2261,50.0609],[-57.1828,50.1431],[-57.0991,50.1948],[-57.1089,50.2279],[-57.0388,50.1249],[-56.9471,50.0711],[-56.7416,50.1324],[-56.438,50.116]]]}},{"type":"Feature","id":"1006","properties":{"name":"Division No.  6","st":"10"},"geometry":{"type":"Polygon","coordinates":[[[-54.3303,48.995],[-54.2348,48.9517],[-54.369,48.8796],[-54.3231,48.8452],[-54.4265,48.8036],[-54.7147,48.838],[-54.8053,48.7658],[-54.7564,48.7336],[-54.8259,48.6972],[-54.7609,48.6789],[-54.7604,48.6487],[-54.8551,48.6408],[-54.8994,48.5617],[-54.9655,48.5418],[-54.9717,48.4896],[-55.2838,48.3261],[-55.2785,48.2686],[-55.3142,48.2501],[-55.4504,48.2537],[-55.459,48.2828],[-55.625,48.2814],[-55.6253,48.2501],[-55.7591,48.25],[-55.7894,48.2236],[-55.9084,48.2502],[-55.8968,48.3809],[-55.9634,48.3885],[-56.0924,48.5396],[-56.2509,48.524],[-56.2838,48.4923],[-56.5223,48.5257],[-56.6765,48.3673],[-56.7284,48.3429],[-56.7608,48.3687],[-56.8575,48.307],[-56.9149,48.3284],[-57.0029,48.297],[-57.0125,48.3685],[-57.1751,48.3578],[-57.183,48.4141],[-57.2957,48.369],[-57.2194,48.4447],[-57.2466,48.4744],[-57.4731,48.339],[-57.561,48.359],[-57.5805,48.2972],[-57.7123,48.2388],[-57.9216,48.2239],[-57.968,48.2437],[-57.8387,48.3361],[-57.7378,48.3079],[-57.6336,48.3469],[-57.5511,48.4289],[-57.6192,48.449],[-57.6102,48.4699],[-57.6783,48.457],[-57.6672,48.5047],[-57.5791,48.488],[-57.3929,48.5222],[-57.4377,48.5423],[-57.4076,48.5757],[-57.496,48.5793],[-57.4238,48.6034],[-57.5028,48.6696],[-57.4195,48.7169],[-57.375,48.8438],[-57.2482,48.8912],[-57.1492,48.8801],[-57.144,48.8547],[-57.0932,48.8568],[-57.1018,48.8316],[-56.9687,48.8654],[-56.9362,48.9114],[-56.8824,48.9068],[-56.7051,49.0273],[-56.6986,49.1276],[-56.635,49.1738],[-56.6796,49.2043],[-56.7734,49.2023],[-56.7654,49.2494],[-56.513,49.35],[-56.1025,49.2742],[-55.8703,49.3559],[-55.6266,49.2939],[-55.7968,49.1648],[-55.7826,49.0562],[-55.5855,49.2321],[-55.4055,49.2514],[-55.2856,49.218],[-55.3302,49.1617],[-55.2288,49.1761],[-55.2186,49.1534],[-55.1298,49.2182],[-55.0232,49.2019],[-54.631,49.0776],[-54.5523,49.0762],[-54.5312,49.0164],[-54.4017,48.9816],[-54.3303,48.995]]]}},{"type":"Feature","id":"1007","properties":{"name":"Division No.  7","st":"10"},"geometry":{"type":"Polygon","coordinates":[[[-53.1973,49.3283],[-53.2904,49.0567],[-53.5055,48.9898],[-53.539,48.6798],[-53.4982,48.6654],[-53.1145,48.7481],[-53.0,48.7323],[-53.0,48.25],[-52.9583,48.25],[-53.501,47.9511],[-53.6209,47.8454],[-53.7357,47.8992],[-53.7971,47.8966],[-53.8436,47.9445],[-54.0053,47.969],[-54.1164,48.0817],[-54.3161,48.0605],[-54.4325,48.2037],[-54.5336,48.206],[-54.5693,48.1747],[-54.6377,48.1963],[-54.6272,48.1571],[-54.73,48.1073],[-54.792,48.1154],[-54.821,48.1793],[-54.8847,48.1687],[-54.9106,48.2445],[-54.9845,48.2459],[-54.9909,48.1883],[-55.0615,48.1743],[-55.0424,48.2289],[-55.152,48.2876],[-55.2519,48.2148],[-55.2838,48.3261],[-54.9717,48.4896],[-54.9655,48.5418],[-54.8994,48.5617],[-54.8551,48.6408],[-54.7604,48.6487],[-54.7609,48.6789],[-54.8259,48.6972],[-54.7564,48.7336],[-54.8053,48.7658],[-54.7147,48.838],[-54.4491,48.801],[-54.3231,48.8452],[-54.369,48.8796],[-54.2348,48.9517],[-54.3415,48.9944],[-54.4169,49.1127],[-54.3641,49.1656],[-54.3092,49.1867],[-54.3116,49.1595],[-54.2503,49.1431],[-53.9261,49.1552],[-53.7401,49.2778],[-53.6679,49.2542],[-53.6119,49.2791],[-53.5576,49.2526],[-53.543,49.2972],[-53.1973,49.3283]]]}},{"type":"Feature","id":"1008","properties":{"name":"Division No.  8","st":"10"},"geometry":{"type":"Polygon","coordinates":[[[-53.1103,49.7751],[-53.1976,49.3278],[-53.543,49.2972],[-53.5576,49.2526],[-53.6119,49.2791],[-53.6679,49.2542],[-53.7401,49.2778],[-53.9261,49.1552],[-54.2503,49.1431],[-54.3132,49.1864],[-54.4168,49.1212],[-54.3389,49.0102],[-54.3931,48.9822],[-54.5312,49.0164],[-54.577,49.085],[-54.631,49.0776],[-55.0232,49.2019],[-55.1298,49.2182],[-55.2186,49.1534],[-55.2288,49.1761],[-55.3302,49.1617],[-55.2856,49.218],[-55.4055,49.2514],[-55.5855,49.2321],[-55.7846,49.0566],[-55.7968,49.1648],[-55.6266,49.2939],[-55.8703,49.3559],[-56.1025,49.2742],[-56.513,49.35],[-56.7576,49.2569],[-56.7673,49.2132],[-56.8934,49.2125],[-56.988,49.25],[-56.9749,49.3562],[-56.8532,49.388],[-56.7662,49.4795],[-56.7248,49.4749],[-56.7078,49.5942],[-56.7925,49.635],[-56.7381,49.7441],[-56.2932,50.2483],[-56.074,50.3958],[-55.5,50.5377],[-55.5,50.0],[-55.3331,50.0001],[-55.3697,49.894],[-55.034,49.9469],[-54.0014,49.9464],[-53.5331,49.9056],[-53.1103,49.7751]]]}},{"type":"Feature","id":"1009","properties":{"name":"Division No.  9","st":"10"},"geometry":{"type":"Polygon","coordinates":[[[-55.1779,52.0195],[-55.2995,51.4801],[-55.5,51.0419],[-55.4955,50.8354],[-55.4517,50.8247],[-55.4552,50.7472],[-55.5,50.7309],[-55.5,50.5377],[-56.074,50.3958],[-56.438,50.116],[-56.7416,50.1324],[-56.9471,50.0711],[-57.0388,50.1249],[-57.1089,50.2279],[-57.0991,50.1948],[-57.1828,50.1431],[-57.2261,50.0609],[-57.1993,50.031],[-57.448,49.9527],[-57.4012,49.9062],[-57.4532,49.8608],[-57.4132,49.8496],[-57.5129,49.8283],[-57.5162,49.7807],[-57.6694,49.7594],[-57.5836,49.7212],[-57.6007,49.6972],[-57.6986,49.6914],[-57.6318,49.6466],[-57.686,49.5955],[-57.502,49.4759],[-57.5217,49.4074],[-57.4583,49.4209],[-57.4235,49.3927],[-57.518,49.3314],[-57.7233,49.2896],[-57.7331,49.3179],[-57.8152,49.3134],[-57.9071,49.2811],[-57.9823,49.2873],[-58.0263,49.333],[-58.1187,49.3057],[-58.1385,49.3433],[-58.2236,49.3219],[-58.3716,49.3434],[-58.163,49.6094],[-57.9963,49.7498],[-57.9106,50.0077],[-57.7905,50.0852],[-57.7124,50.2619],[-57.5,50.4756],[-57.5815,50.4803],[-57.4553,50.7564],[-57.168,50.9995],[-57.2551,51.0942],[-57.5244,51.1975],[-57.0134,51.3077],[-56.8669,51.2502],[-56.85,51.284],[-55.9758,51.7355],[-55.7679,51.7418],[-55.507,52.0165],[-55.1779,52.0195]]]}},{"type":"Feature","id":"1010","properties":{"name":"Division No. 10","st":"10"},"geometry":{"type":"MultiPolygon","coordinates":[[[[-61.8446,56.3986],[-61.8361,56.3748],[-61.8652,56.3518],[-61.924,56.3432],[-61.8995,56.2946],[-61.9422,56.2735],[-62.1748,56.3014],[-62.0887,56.4271],[-61.8446,56.3986]]],[[[-60.3291,56.0007],[-60.77,55.8523],[-60.9999,55.8143],[-61.211,55.508],[-61.3926,55.3368],[-61.5388,55.2751],[-61.5843,55.1797],[-62.2704,55.0107],[-62.2335,54.9197],[-61.4771,55.0398],[-61.4598,54.871],[-61.2791,54.8345],[-61.0139,54.7132],[-61.0286,54.4925],[-60.9237,54.4234],[-60.6,54.4426],[-60.321,54.4025],[-60.3591,54.3224],[-60.1571,54.3329],[-59.8322,54.2217],[-59.8869,53.9732],[-60.0805,53.9153],[-60.0875,53.8731],[-60.1335,53.8646],[-59.4244,53.5448],[-58.8574,53.7341],[-58.7947,53.8812],[-58.12,54.0423],[-57.3739,54.0232],[-57.1999,54.1044],[-56.9651,54.1378],[-56.226,54.1777],[-55.6726,53.6219],[-55.5052,53.1893],[-55.507,51.9979],[-55.7679,51.7418],[-55.9758,51.7355],[-56.85,51.284],[-56.8669,51.2502],[-57.0134,51.3077],[-57.1096,51.2872],[-57.1078,51.9985],[-60.4417,51.9965],[-63.8015,51.9978],[-63.8271,52.0855],[-63.7014,52.0447],[-63.6424,52.047],[-63.7089,52.0841],[-63.6887,52.1351],[-63.7484,52.2581],[-63.836,52.3136],[-63.7445,52.3152],[-64.013,52.363],[-64.0973,52.4731],[-64.0458,52.5603],[-63.9502,52.6069],[-63.3803,52.6622],[-63.6175,52.7711],[-63.5849,52.8414],[-63.6144,52.8775],[-63.61,52.8442],[-63.6766,52.8521],[-63.6441,52.8238],[-63.7175,52.8015],[-63.7215,52.7703],[-63.8729,52.774],[-63.9374,52.731],[-64.1405,52.7267],[-64.1546,52.6034],[-64.2257,52.582],[-64.1519,52.5199],[-64.1092,52.3941],[-64.1661,52.3644],[-64.1695,52.3067],[-64.1916,52.2897],[-64.2162,52.313],[-64.2466,52.2754],[-64.1664,52.1161],[-64.2499,52.1447],[-64.2515,52.0797],[-64.2919,52.0776],[-64.2371,51.978],[-64.361,52.0055],[-64.3527,51.8493],[-64.274,51.7423],[-64.3371,51.6653],[-64.423,51.6761],[-64.5485,51.5739],[-64.7098,51.756],[-64.9247,51.7779],[-64.9098,51.7367],[-64.9509,51.7154],[-65.01,51.7651],[-65.0912,51.746],[-65.1804,51.7656],[-65.1696,51.8221],[-65.2602,51.824],[-65.2835,51.8738],[-65.3598,51.8228],[-65.3995,51.9019],[-65.3591,51.9811],[-65.3998,51.9656],[-65.4562,52.0111],[-65.4993,52.1105],[-65.5399,52.0446],[-65.6205,52.043],[-65.6502,51.9868],[-65.6683,52.1173],[-65.7339,52.0829],[-65.8053,52.1186],[-65.877,52.1104],[-65.8977,52.0761],[-65.9613,52.1046],[-65.9962,52.0547],[-66.0926,52.0866],[-66.0979,52.1955],[-66.2008,52.227],[-66.2667,52.3101],[-66.3126,52.2855],[-66.2679,52.1504],[-66.3236,52.1318],[-66.3764,52.1528],[-66.3568,52.1766],[-66.4704,52.2557],[-66.4329,52.2662],[-66.4905,52.3416],[-66.4199,52.383],[-66.344,52.3604],[-66.3992,52.5288],[-66.3657,52.5562],[-66.4403,52.6364],[-66.3887,52.6823],[-66.2846,52.6042],[-66.3388,52.6846],[-66.3083,52.7286],[-66.4163,52.8583],[-66.3794,52.8775],[-66.275,52.8403],[-66.3267,52.9726],[-66.4592,53.0552],[-66.5008,52.9464],[-66.6256,52.9542],[-66.6471,52.7836],[-66.7194,52.7636],[-66.7868,52.7974],[-66.7647,52.6662],[-66.8599,52.7684],[-66.8557,52.7173],[-66.8976,52.7274],[-66.8509,52.6748],[-66.8945,52.6767],[-66.9493,52.7596],[-67.0343,52.747],[-67.0632,52.8755],[-67.1495,52.8544],[-67.1611,52.8175],[-67.3246,52.8778],[-67.3519,52.9367],[-67.2445,52.9795],[-67.3634,52.9962],[-67.3854,53.132],[-67.3428,53.1177],[-67.263,53.1813],[-67.1162,53.1051],[-67.0489,53.1395],[-67.0685,53.0789],[-66.9895,53.0844],[-66.9587,53.1371],[-67.0135,53.16],[-66.9596,53.1817],[-66.9534,53.2904],[-67.0271,53.3346],[-66.8901,53.4131],[-66.9379,53.4731],[-66.9958,53.4642],[-67.0359,53.5288],[-67.3187,53.553],[-67.3135,53.5842],[-67.3947,53.6147],[-67.4178,53.7251],[-67.4651,53.7089],[-67.516,53.7287],[-67.5,53.7573],[-67.6033,53.7627],[-67.5573,53.7803],[-67.6022,53.7955],[-67.4978,53.8367],[-67.5691,53.8411],[-67.5963,53.9217],[-67.6626,53.9281],[-67.6813,53.9719],[-67.8206,54.02],[-67.7581,54.0916],[-67.8103,54.1281],[-67.765,54.157],[-67.6444,54.1608],[-67.6156,54.1958],[-67.6808,54.247],[-67.6764,54.3185],[-67.748,54.3503],[-67.7247,54.3869],[-67.7723,54.4417],[-67.6678,54.4538],[-67.6481,54.5096],[-67.6095,54.4658],[-67.5817,54.4941],[-67.5004,54.4815],[-67.4737,54.5304],[-67.5269,54.571],[-67.4917,54.5849],[-67.2726,54.4866],[-67.2268,54.5196],[-67.3027,54.5559],[-67.2803,54.5918],[-67.1386,54.6245],[-67.0629,54.6929],[-67.3998,54.9579],[-67.4637,55.0629],[-67.4096,55.0886],[-67.2728,55.0764],[-67.234,55.0512],[-67.2728,55.0242],[-67.033,54.8619],[-66.6691,54.7097],[-66.7374,54.8132],[-66.6594,54.7702],[-66.6027,54.8135],[-66.766,55.0],[-66.6271,54.9849],[-66.7887,55.1184],[-66.7552,55.215],[-66.6704,55.1775],[-66.8237,55.307],[-66.8078,55.3567],[-66.6586,55.2551],[-66.618,55.2782],[-66.4927,55.2034],[-66.2464,54.9755],[-66.1526,54.9855],[-66.0408,54.9191],[-66.0312,54.9425],[-65.8498,54.9272],[-65.8506,54.8508],[-65.6932,54.7082],[-65.647,54.7532],[-65.4555,54.7286],[-65.4346,54.7842],[-65.4873,54.8344],[-65.3558,54.8188],[-65.3358,54.852],[-65.2963,54.8176],[-65.2827,54.8444],[-65.2096,54.848],[-65.1803,54.9308],[-65.0858,54.9696],[-64.915,54.92],[-64.8484,54.8763],[-64.8615,54.841],[-64.7611,54.8295],[-64.7523,54.7673],[-64.801,54.7558],[-64.7697,54.7301],[-64.5569,54.7137],[-64.5342,54.7618],[-64.4748,54.7522],[-64.4959,54.7906],[-64.3975,54.7905],[-64.2882,54.731],[-64.1776,54.7214],[-64.1073,54.6132],[-63.8979,54.6007],[-63.8134,54.6508],[-63.7126,54.625],[-63.803,54.7256],[-63.924,54.7784],[-63.8172,54.8169],[-63.8527,54.8761],[-63.8205,54.948],[-63.5914,54.8966],[-63.611,54.977],[-63.5576,54.9999],[-63.6061,55.0084],[-63.5564,55.0344],[-63.6161,55.0689],[-63.6023,55.1287],[-63.5239,55.1681],[-63.5629,55.1876],[-63.4526,55.2019],[-63.4026,55.2578],[-63.5474,55.2255],[-63.6795,55.2669],[-63.5226,55.3099],[-63.5908,55.3207],[-63.5744,55.3396],[-63.3248,55.366],[-63.3198,55.4118],[-63.6654,55.4231],[-63.7927,55.4672],[-63.6915,55.5087],[-63.6877,55.6255],[-63.6437,55.6416],[-63.7646,55.6516],[-63.7049,55.6786],[-63.7258,55.7382],[-63.6665,55.7878],[-63.7684,55.79],[-63.7529,55.8465],[-63.8544,55.91],[-63.724,55.9305],[-63.563,56.0059],[-63.472,55.9878],[-63.4435,56.0295],[-63.6367,56.0235],[-63.7148,56.0717],[-63.8379,56.045],[-63.8111,56.0846],[-63.8876,56.0929],[-63.8562,56.1371],[-64.0347,56.0701],[-64.0047,56.1733],[-63.8629,56.2126],[-63.7444,56.1388],[-63.3723,56.1221],[-63.1675,56.0157],[-62.9308,55.9915],[-61.2143,56.051],[-60.68,56.2087],[-60.5348,56.4779],[-60.3291,56.0007]]]]}},{"type":"Feature","id":"1011","properties":{"name":"Division No. 11","st":"10"},"geometry":{"type":"MultiPolygon","coordinates":[[[[-58.675,55.5051],[-58.0095,55.1595],[-56.9614,54.8107],[-56.2262,54.1777],[-56.9651,54.1378],[-57.1999,54.1044],[-57.3739,54.0232],[-58.12,54.0423],[-58.7947,53.8812],[-58.8574,53.7341],[-59.4244,53.5448],[-60.1335,53.8646],[-60.0875,53.8731],[-60.0805,53.9153],[-59.8869,53.9732],[-59.8322,54.2217],[-60.1571,54.3329],[-60.3591,54.3224],[-60.321,54.4025],[-60.6,54.4426],[-60.9237,54.4234],[-61.0286,54.4925],[-61.0139,54.7132],[-61.2791,54.8345],[-61.4598,54.871],[-61.4771,55.0398],[-62.2335,54.9197],[-62.2704,55.0107],[-61.5843,55.1797],[-61.5388,55.2751],[-61.3926,55.3368],[-61.211,55.508],[-60.9999,55.8143],[-60.77,55.8523],[-60.3291,56.0007],[-60.0004,55.8341],[-59.5,55.75],[-58.675,55.5051]]],[[[-64.1849,60.3747],[-64.0725,60.0594],[-64.0,60.0],[-63.7688,59.9224],[-62.8303,58.997],[-62.2157,58.4297],[-62.0923,58.2456],[-62.0139,58.0],[-61.5,58.0],[-61.0154,57.2976],[-60.5348,56.4779],[-60.68,56.2087],[-61.2143,56.051],[-62.9308,55.9915],[-63.1675,56.0157],[-63.3723,56.1221],[-63.7444,56.1388],[-63.9115,56.2308],[-63.9129,56.2635],[-64.0874,56.2569],[-64.1486,56.3034],[-64.0982,56.3336],[-64.1527,56.4411],[-63.993,56.4082],[-63.8742,56.442],[-63.9306,56.4662],[-63.9311,56.5338],[-64.0505,56.6063],[-64.0249,56.653],[-64.0908,56.6538],[-64.1453,56.6998],[-64.0789,56.767],[-64.0128,56.7787],[-64.0035,56.8617],[-63.8592,56.8687],[-63.9181,56.9042],[-63.9141,56.9776],[-63.8578,56.9992],[-63.8901,57.0861],[-63.8118,57.0789],[-63.7371,57.2216],[-63.8091,57.2622],[-63.8841,57.1963],[-63.8834,57.2776],[-63.8558,57.3343],[-63.7013,57.3683],[-63.7164,57.4382],[-63.7613,57.4393],[-63.7719,57.5924],[-63.7456,57.5795],[-63.623,57.642],[-63.5968,57.7412],[-63.6681,57.7239],[-63.6926,57.6527],[-63.7536,57.7207],[-63.8042,57.6845],[-63.8834,57.7126],[-63.9124,57.8011],[-64.0209,57.8095],[-64.026,57.7644],[-64.072,57.77],[-64.2185,58.037],[-64.4331,58.0699],[-64.4309,58.1562],[-64.3736,58.2084],[-64.2178,58.2477],[-64.1585,58.371],[-64.0305,58.366],[-63.9866,58.4444],[-63.8811,58.4294],[-63.8079,58.4897],[-63.8871,58.5717],[-64.0341,58.5235],[-64.1049,58.5632],[-64.0472,58.7026],[-63.9503,58.6852],[-63.91,58.7103],[-63.6298,58.7146],[-63.4675,58.762],[-63.5508,58.8366],[-63.71,58.8871],[-63.8622,58.832],[-64.0453,58.8104],[-64.1378,58.7462],[-64.1788,58.789],[-64.2297,58.7836],[-64.2337,58.8641],[-64.2876,58.8968],[-64.5502,58.8875],[-64.6517,58.9438],[-64.7307,58.9508],[-64.8207,58.9169],[-64.8891,58.9384],[-64.8329,58.9564],[-64.865,59.0154],[-64.7792,59.075],[-64.6833,59.0747],[-64.6703,59.0386],[-64.5228,59.0026],[-64.4978,59.0194],[-64.4603,58.9815],[-64.2618,59.013],[-64.376,59.0926],[-64.498,59.1064],[-64.4886,59.2571],[-64.5435,59.3104],[-64.4933,59.3496],[-64.5283,59.3956],[-64.4607,59.4122],[-64.5116,59.423],[-64.3241,59.5128],[-64.4338,59.542],[-64.6798,59.4469],[-64.8396,59.5533],[-64.9394,59.567],[-64.9271,59.5932],[-64.8598,59.5915],[-64.8895,59.6622],[-64.7494,59.7172],[-64.8102,59.7297],[-64.8252,59.8256],[-64.6268,59.9303],[-64.7471,59.9745],[-64.8402,59.9703],[-64.9236,60.0615],[-64.7427,60.0561],[-64.708,60.0846],[-64.7673,60.1084],[-64.5937,60.117],[-64.6025,60.167],[-64.7332,60.1644],[-64.8639,60.2282],[-64.8538,60.2694],[-64.7074,60.3033],[-64.5297,60.2967],[-64.4914,60.3726],[-64.1849,60.3747]],[[-61.8446,56.3986],[-62.0887,56.4271],[-62.1748,56.3014],[-61.9422,56.2735],[-61.8995,56.2946],[-61.924,56.3432],[-61.8652,56.3518],[-61.8446,56.3986]]]]}},{"type":"Feature","id":"1101","properties":{"name":"Kings","st":"11"},"geometry":{"type":"Polygon","coordinates":[[[-62.2584,46.2516],[-62.4412,45.9979],[-62.5,45.9685],[-62.5,45.8613],[-62.6304,45.8588],[-62.7271,46.1089],[-62.8079,46.1567],[-62.7355,46.2284],[-62.7731,46.2891],[-62.8088,46.2867],[-62.8654,46.4373],[-62.4811,46.4803],[-61.966,46.4705],[-61.9925,46.4179],[-62.2584,46.2516]]]}},{"type":"Feature","id":"1102","properties":{"name":"Queens","st":"11"},"geometry":{"type":"Polygon","coordinates":[[[-62.8654,46.4373],[-62.7355,46.2284],[-62.8079,46.1567],[-62.7271,46.1089],[-62.6304,45.8588],[-62.912,45.8852],[-63.1049,46.0031],[-63.4837,46.0885],[-63.5237,46.2864],[-63.4955,46.3214],[-63.5428,46.3379],[-63.604,46.5111],[-63.576,46.5324],[-63.5551,46.5159],[-63.5638,46.5699],[-63.0763,46.4238],[-62.8654,46.4373]]]}},{"type":"Feature","id":"1103","properties":{"name":"Prince","st":"11"},"geometry":{"type":"Polygon","coordinates":[[[-63.9781,46.7454],[-63.6922,46.5774],[-63.5638,46.5699],[-63.5551,46.5159],[-63.576,46.5324],[-63.604,46.5111],[-63.5428,46.3379],[-63.4955,46.3214],[-63.5237,46.2864],[-63.4837,46.0885],[-63.6147,46.0931],[-63.8335,46.2967],[-64.0038,46.374],[-64.1678,46.3986],[-64.1131,46.5783],[-64.4281,46.6025],[-64.446,46.6797],[-64.3886,46.7587],[-64.2307,46.913],[-64.002,47.0655],[-63.9728,47.066],[-63.9781,46.7454]]]}},{"type":"Feature","id":"1201","properties":{"name":"Shelburne","st":"12"},"geometry":{"type":"Polygon","coordinates":[[[-65.3958,44.2323],[-64.9574,43.8586],[-64.9096,43.752],[-64.9506,43.7519],[-64.9691,43.7099],[-65.3749,43.4325],[-65.8597,43.2551],[-65.8092,43.5707],[-65.6108,43.6399],[-65.6487,43.7472],[-65.3958,44.2323]]]}},{"type":"Feature","id":"1202","properties":{"name":"Yarmouth","st":"12"},"geometry":{"type":"Polygon","coordinates":[[[-65.3974,44.2304],[-65.6487,43.7472],[-65.6108,43.6399],[-65.8023,43.5801],[-65.857,43.2592],[-65.9692,43.2541],[-65.9942,43.3606],[-66.0442,43.4092],[-66.0235,43.524],[-66.0941,43.5308],[-66.1756,43.6268],[-66.2178,43.9632],[-65.8888,44.1381],[-65.3974,44.2304]]]}},{"type":"Feature","id":"1203","properties":{"name":"Digby","st":"12"},"geometry":{"type":"Polygon","coordinates":[[[-65.7936,44.7278],[-65.3315,44.3114],[-65.3974,44.2304],[-65.8888,44.1381],[-66.2178,43.9629],[-66.4404,44.2535],[-66.1466,44.5287],[-65.7936,44.7278]]]}},{"type":"Feature","id":"1204","properties":{"name":"Queens","st":"12"},"geometry":{"type":"Polygon","coordinates":[[[-64.8755,44.4768],[-64.8778,44.4186],[-64.4579,44.088],[-64.6126,44.0023],[-64.7605,43.7524],[-64.9096,43.752],[-64.9574,43.8586],[-65.3958,44.2323],[-65.152,44.4606],[-65.0615,44.4548],[-64.945,44.5371],[-64.8755,44.4768]]]}},{"type":"Feature","id":"2405","properties":{"name":"Bonaventure","st":"24"},"geometry":{"type":"Polygon","coordinates":[[[-65.5016,48.6792],[-64.9574,48.3283],[-65.1353,48.246],[-64.9309,48.0001],[-65.9164,48.0108],[-65.9048,48.2058],[-66.0318,48.2642],[-66.0854,48.2297],[-66.2252,48.2417],[-66.2191,48.3777],[-66.2798,48.4832],[-65.5016,48.6792]]]}},{"type":"Feature","id":"2406","properties":{"name":"Avignon","st":"24"},"geometry":{"type":"Polygon","coordinates":[[[-66.2248,48.25],[-66.0854,48.2297],[-66.0318,48.2642],[-65.9048,48.2058],[-65.9164,48.0108],[-66.2753,48.0383],[-66.3821,48.0882],[-66.4698,48.0856],[-66.6936,48.0068],[-66.9213,47.9846],[-66.958,47.8921],[-67.059,47.9356],[-67.2108,47.8755],[-67.3484,47.8956],[-67.3743,47.8438],[-67.6081,47.9368],[-67.5849,48.0453],[-67.6668,48.1171],[-67.375,48.1953],[-67.2779,48.0319],[-67.0997,48.0784],[-66.8836,48.1362],[-66.9427,48.1782],[-66.9072,48.1977],[-66.8447,48.1461],[-66.8371,48.1481],[-66.9754,48.3027],[-66.2798,48.4832],[-66.2191,48.3777],[-66.2248,48.25]]]}},{"type":"Feature","id":"2407","properties":{"name":"La Matap\u00e9dia","st":"24"},"geometry":{"type":"Polygon","coordinates":[[[-66.5436,48.7948],[-66.2827,48.6223],[-66.0983,48.6682],[-65.9491,48.5678],[-66.9754,48.3027],[-66.8371,48.1481],[-66.9072,48.1977],[-66.9427,48.1782],[-66.8836,48.1362],[-67.2779,48.0319],[-67.375,48.1953],[-67.6668,48.1171],[-67.6178,48.2071],[-67.6903,48.3255],[-67.8335,48.4145],[-67.7774,48.4516],[-67.9809,48.5455],[-67.9056,48.57],[-67.9242,48.6253],[-67.7916,48.7161],[-67.563,48.6151],[-67.4229,48.7002],[-67.1316,48.5422],[-67.0743,48.5803],[-67.0072,48.5698],[-66.8454,48.6144],[-66.8551,48.6622],[-66.7795,48.6812],[-66.7521,48.663],[-66.6308,48.7338],[-66.5612,48.7369],[-66.5436,48.7948]]]}},{"type":"Feature","id":"2408","properties":{"name":"La Matanie","st":"24"},"geometry":{"type":"Polygon","coordinates":[[[-66.8487,48.9955],[-66.7324,49.0174],[-66.7061,48.902],[-66.5369,48.957],[-66.0983,48.6682],[-66.2827,48.6223],[-66.5436,48.7948],[-66.5612,48.7369],[-66.6308,48.7338],[-66.7521,48.663],[-66.7795,48.6812],[-66.8551,48.6622],[-66.8454,48.6144],[-67.0072,48.5698],[-67.0743,48.5803],[-67.1316,48.5422],[-67.4229,48.7002],[-67.5364,48.6157],[-67.6062,48.6244],[-67.761,48.7154],[-67.8678,48.6588],[-68.2285,48.8709],[-67.9421,49.0339],[-67.7052,49.1058],[-66.9956,49.0962],[-66.8487,48.9955]]]}},{"type":"Feature","id":"2409","properties":{"name":"La Mitis","st":"24"},"geometry":{"type":"Polygon","coordinates":[[[-68.2285,48.8709],[-67.8678,48.6588],[-67.9242,48.6253],[-67.9056,48.57],[-67.9809,48.5455],[-67.7774,48.4516],[-67.8335,48.4145],[-67.6903,48.3255],[-67.6178,48.2071],[-67.6767,48.1335],[-67.5868,48.0488],[-67.5965,47.9981],[-67.9496,47.9999],[-67.9479,48.1041],[-68.2571,48.2935],[-68.183,48.3488],[-68.2991,48.4171],[-68.2717,48.4359],[-68.6464,48.6468],[-68.2285,48.8709]]]}},{"type":"Feature","id":"2410","properties":{"name":"Rimouski-Neigette","st":"24"},"geometry":{"type":"Polygon","coordinates":[[[-68.6464,48.6468],[-68.183,48.3488],[-68.2571,48.2935],[-67.9479,48.1041],[-67.9496,47.9999],[-68.1226,47.9999],[-68.1228,47.9164],[-68.3823,47.9161],[-68.3826,47.88],[-69.1176,48.3678],[-68.6464,48.6468]]]}},{"type":"Feature","id":"2411","properties":{"name":"Les Basques","st":"24"},"geometry":{"type":"Polygon","coordinates":[[[-69.1176,48.3678],[-68.6593,48.0659],[-68.8503,47.8953],[-68.959,47.896],[-68.9923,47.9558],[-69.1433,47.8597],[-69.1859,47.8883],[-69.1139,47.9829],[-69.1655,48.0176],[-69.2066,47.9892],[-69.2535,48.0188],[-69.2446,48.068],[-69.3889,48.1674],[-69.1176,48.3678]]]}},{"type":"Feature","id":"2412","properties":{"name":"Rivi\u00e8re-du-Loup","st":"24"},"geometry":{"type":"Polygon","coordinates":[[[-69.2265,48.0021],[-69.1655,48.0176],[-69.1139,47.9829],[-69.1859,47.8883],[-69.1433,47.8597],[-68.9923,47.9558],[-68.959,47.896],[-68.8479,47.8647],[-68.8604,47.7945],[-68.9812,47.851],[-69.3331,47.6458],[-69.4394,47.7178],[-69.4937,47.6658],[-69.5466,47.7069],[-69.5274,47.7273],[-69.6405,47.7127],[-69.7327,47.7755],[-69.657,47.8594],[-69.672,47.941],[-69.3889,48.1674],[-69.2446,48.068],[-69.2759,48.0372],[-69.2265,48.0021]]]}},{"type":"Feature","id":"2413","properties":{"name":"T\u00e9miscouata","st":"24"},"geometry":{"type":"Polygon","coordinates":[[[-68.3826,47.88],[-68.3835,47.5531],[-68.5681,47.4271],[-68.7996,47.3489],[-69.051,47.3001],[-69.0436,47.4273],[-69.2238,47.4597],[-69.3909,47.2976],[-69.5886,47.4313],[-69.3045,47.6263],[-69.3331,47.6458],[-69.2027,47.7411],[-69.1108,47.7561],[-68.9812,47.851],[-68.8604,47.7945],[-68.8476,47.8643],[-68.9109,47.8922],[-68.8503,47.8953],[-68.7136,47.988],[-68.7448,48.0091],[-68.6594,48.0658],[-68.3826,47.88]]]}},{"type":"Feature","id":"2415","properties":{"name":"Charlevoix-Est","st":"24"},"geometry":{"type":"Polygon","coordinates":[[[-69.8708,48.1816],[-69.5363,48.0561],[-70.1317,47.4726],[-70.2715,47.5675],[-70.3116,47.546],[-70.3213,47.569],[-70.271,47.5847],[-70.3842,47.6103],[-70.3703,47.6421],[-70.4862,47.6183],[-70.421,47.6726],[-70.4863,47.747],[-70.5295,47.7168],[-70.5256,48.0002],[-70.2594,48.0],[-70.1723,48.1248],[-69.9567,48.0575],[-69.8708,48.1816]]]}},{"type":"Feature","id":"2416","properties":{"name":"Charlevoix","st":"24"},"geometry":{"type":"Polygon","coordinates":[[[-70.5256,48.0002],[-70.5295,47.7168],[-70.4863,47.747],[-70.421,47.6726],[-70.4862,47.6183],[-70.3703,47.6421],[-70.3842,47.6103],[-70.271,47.5847],[-70.3213,47.569],[-70.3116,47.546],[-70.2715,47.5675],[-70.1317,47.4726],[-70.3108,47.3217],[-70.4578,47.2673],[-70.4643,47.2046],[-70.7129,47.2589],[-71.4037,47.9501],[-71.3726,47.9686],[-71.4117,47.9958],[-70.5256,48.0002]]]}},{"type":"Feature","id":"2414","properties":{"name":"Kamouraska","st":"24"},"geometry":{"type":"Polygon","coordinates":[[[-69.6423,47.7139],[-69.5274,47.7273],[-69.5466,47.7069],[-69.4937,47.6658],[-69.4394,47.7178],[-69.3045,47.6263],[-69.5886,47.4313],[-69.3908,47.2976],[-69.625,47.0668],[-70.2033,47.411],[-70.089,47.542],[-69.9217,47.6504],[-69.672,47.941],[-69.657,47.8594],[-69.7327,47.7755],[-69.6423,47.7139]]]}},{"type":"Feature","id":"2417","properties":{"name":"L'Islet","st":"24"},"geometry":{"type":"Polygon","coordinates":[[[-70.2033,47.411],[-70.003,47.2785],[-69.9744,47.2914],[-69.625,47.0668],[-69.9597,46.7333],[-70.2038,46.9048],[-70.1709,46.9268],[-70.215,46.9572],[-70.2422,46.9383],[-70.4633,47.0999],[-70.3869,47.1668],[-70.4615,47.1991],[-70.4469,47.275],[-70.3124,47.3207],[-70.2033,47.411]]]}},{"type":"Feature","id":"2418","properties":{"name":"Montmagny","st":"24"},"geometry":{"type":"Polygon","coordinates":[[[-70.4792,47.2069],[-70.3869,47.1668],[-70.4633,47.0999],[-70.2422,46.9383],[-70.215,46.9572],[-70.1709,46.9268],[-70.2038,46.9048],[-69.9597,46.7333],[-70.0465,46.4642],[-70.2965,46.6767],[-70.3242,46.6579],[-70.4449,46.7415],[-70.4798,46.7201],[-70.5038,46.7506],[-70.4745,46.7628],[-70.5791,46.8356],[-70.628,46.8021],[-70.6852,46.8348],[-70.7037,46.8064],[-70.8162,46.9303],[-70.4792,47.2069]]]}},{"type":"Feature","id":"1216","properties":{"name":"Richmond","st":"12"},"geometry":{"type":"Polygon","coordinates":[[[-60.1305,45.7041],[-60.538,45.5291],[-60.89,45.5078],[-60.8979,45.3872],[-61.0738,45.4329],[-61.1626,45.5116],[-61.2906,45.5333],[-61.3806,45.6115],[-60.81,45.8501],[-60.8093,45.8024],[-60.7408,45.8346],[-60.1305,45.7041]]]}},{"type":"Feature","id":"1217","properties":{"name":"Cape Breton","st":"12"},"geometry":{"type":"Polygon","coordinates":[[[-59.7548,46.1806],[-59.6625,46.1084],[-59.6711,46.0107],[-59.7515,45.9909],[-59.7968,45.919],[-60.0672,45.7772],[-60.1305,45.7041],[-60.7408,45.8346],[-60.8093,45.8024],[-60.8033,45.9562],[-60.733,46.0224],[-60.5106,46.1274],[-60.4803,46.1685],[-60.5059,46.1902],[-60.3812,46.2684],[-60.3409,46.3602],[-59.7548,46.1806]]]}},{"type":"Feature","id":"1218","properties":{"name":"Victoria","st":"12"},"geometry":{"type":"Polygon","coordinates":[[[-60.3835,46.2725],[-60.5059,46.1902],[-60.4803,46.1685],[-60.5219,46.1179],[-60.7935,45.9672],[-60.8097,45.85],[-60.9761,45.9095],[-60.9809,45.9979],[-61.0511,46.1148],[-60.7473,46.5052],[-60.5507,47.055],[-60.4382,47.073],[-60.1834,47.2351],[-60.1091,47.232],[-60.2858,46.9997],[-60.3198,46.5007],[-60.3835,46.2725]]]}},{"type":"Feature","id":"1301","properties":{"name":"Saint John","st":"13"},"geometry":{"type":"Polygon","coordinates":[[[-65.5168,45.2871],[-65.7793,45.2422],[-65.9229,45.1875],[-65.9664,45.2135],[-66.0911,45.2118],[-66.4585,45.0229],[-66.4595,45.2219],[-65.1194,45.6151],[-65.0768,45.5133],[-65.2296,45.4771],[-65.5168,45.2871]]]}},{"type":"Feature","id":"1302","properties":{"name":"Charlotte","st":"13"},"geometry":{"type":"Polygon","coordinates":[[[-66.4602,45.4972],[-66.4585,45.0229],[-66.6654,44.9167],[-66.6767,44.5887],[-66.7153,44.5557],[-66.8821,44.5587],[-66.9105,44.6764],[-66.863,44.779],[-66.9653,44.8289],[-66.9687,44.9104],[-67.1588,45.162],[-67.2834,45.1919],[-67.3409,45.125],[-67.405,45.1601],[-67.4897,45.2821],[-67.4192,45.3771],[-67.5035,45.4896],[-67.4501,45.5103],[-66.4602,45.4972]]]}},{"type":"Feature","id":"1303","properties":{"name":"Sunbury","st":"13"},"geometry":{"type":"Polygon","coordinates":[[[-65.8568,46.3325],[-66.0374,46.117],[-66.0902,46.1153],[-66.0867,46.0566],[-66.5635,45.4988],[-66.9363,45.5026],[-66.6018,45.8895],[-66.5511,45.8954],[-66.5833,45.9118],[-66.1645,46.3965],[-65.8568,46.3325]]]}},{"type":"Feature","id":"1304","properties":{"name":"Queens","st":"13"},"geometry":{"type":"Polygon","coordinates":[[[-65.4128,46.2501],[-65.3426,46.0988],[-66.4597,45.3126],[-66.4602,45.4972],[-66.5635,45.4988],[-66.0867,46.0566],[-66.0902,46.1153],[-66.0374,46.117],[-65.8538,46.3366],[-65.4128,46.2501]]]}},{"type":"Feature","id":"1305","properties":{"name":"Kings","st":"13"},"geometry":{"type":"Polygon","coordinates":[[[-65.3426,46.0988],[-65.1194,45.6151],[-66.4595,45.2219],[-66.4597,45.3126],[-65.3426,46.0988]]]}},{"type":"Feature","id":"1306","properties":{"name":"Albert","st":"13"},"geometry":{"type":"Polygon","coordinates":[[[-64.7639,46.0917],[-64.5411,45.8266],[-64.6116,45.6449],[-64.806,45.5365],[-65.0768,45.5133],[-65.2238,45.8437],[-65.0346,45.8924],[-65.0344,46.0214],[-64.9981,46.0498],[-64.8531,46.0516],[-64.7639,46.0917]]]}},{"type":"Feature","id":"1307","properties":{"name":"Westmorland","st":"13"},"geometry":{"type":"Polygon","coordinates":[[[-63.6147,46.0931],[-64.0287,46.0214],[-64.0468,45.9768],[-64.1591,45.9753],[-64.283,45.8298],[-64.352,45.853],[-64.4763,45.71],[-64.6116,45.6449],[-64.5411,45.8266],[-64.7524,46.0901],[-64.8531,46.0516],[-64.9981,46.0498],[-65.0344,46.0214],[-65.0346,45.8924],[-65.2238,45.8437],[-65.4164,46.2568],[-64.5065,46.2804],[-64.5,46.25],[-63.7491,46.2295],[-63.6147,46.0931]]]}},{"type":"Feature","id":"1308","properties":{"name":"Kent","st":"13"},"geometry":{"type":"Polygon","coordinates":[[[-64.8613,46.8226],[-64.8277,46.7659],[-64.6787,46.6861],[-64.6821,46.561],[-64.5102,46.4361],[-64.5065,46.2804],[-65.4164,46.2568],[-65.8517,46.3365],[-65.5855,46.6312],[-64.7786,47.0827],[-64.7625,47.0078],[-64.8613,46.8226]]]}},{"type":"Feature","id":"1309","properties":{"name":"Northumberland","st":"13"},"geometry":{"type":"Polygon","coordinates":[[[-64.8509,47.3784],[-64.8832,47.2027],[-64.7786,47.0827],[-65.5855,46.6312],[-65.8519,46.3362],[-66.1645,46.3965],[-66.201,46.3546],[-66.5098,46.294],[-66.5842,46.3154],[-66.5982,46.3488],[-66.5789,46.3831],[-66.5179,46.3887],[-66.5645,46.4269],[-66.6328,46.412],[-66.7452,46.458],[-66.8556,46.4165],[-66.9065,46.5289],[-66.822,46.5745],[-66.5978,46.5962],[-66.4983,46.5209],[-67.0483,47.3629],[-66.2174,47.5509],[-65.8159,47.2325],[-65.0413,47.4125],[-64.9868,47.3494],[-64.8509,47.3784]]]}},{"type":"Feature","id":"1310","properties":{"name":"York","st":"13"},"geometry":{"type":"Polygon","coordinates":[[[-66.7446,46.9274],[-66.4983,46.5209],[-66.515,46.5156],[-66.5978,46.5962],[-66.8246,46.5735],[-66.9065,46.5289],[-66.8556,46.4165],[-66.7452,46.458],[-66.6328,46.412],[-66.5645,46.4269],[-66.5179,46.3887],[-66.5789,46.3831],[-66.5982,46.3488],[-66.5842,46.3154],[-66.5098,46.294],[-66.201,46.3546],[-66.5833,45.9118],[-66.5511,45.8954],[-66.6018,45.8895],[-66.9363,45.5027],[-67.4179,45.5067],[-67.45,45.6025],[-67.5617,45.5947],[-67.6662,45.6242],[-67.7282,45.6893],[-67.7211,45.6621],[-67.8036,45.6776],[-67.8065,45.7944],[-67.7553,45.8234],[-67.8046,45.8694],[-67.7506,45.9175],[-67.7812,45.9435],[-67.6044,45.9882],[-67.5248,45.9355],[-66.7446,46.9274]]]}},{"type":"Feature","id":"1311","properties":{"name":"Carleton","st":"13"},"geometry":{"type":"Polygon","coordinates":[[[-66.8673,46.7741],[-67.5248,45.9355],[-67.6044,45.9882],[-67.7812,45.9435],[-67.7883,46.6011],[-67.7228,46.595],[-66.8673,46.7741]]]}},{"type":"Feature","id":"1312","properties":{"name":"Victoria","st":"13"},"geometry":{"type":"Polygon","coordinates":[[[-67.6885,47.5685],[-67.0482,47.3627],[-66.7446,46.9274],[-66.8673,46.7741],[-67.7411,46.5927],[-67.7879,46.6012],[-67.7902,47.0671],[-67.7079,47.076],[-67.6739,47.1444],[-67.6885,47.5685]]]}},{"type":"Feature","id":"1313","properties":{"name":"Madawaska","st":"13"},"geometry":{"type":"Polygon","coordinates":[[[-67.6885,47.5689],[-67.6739,47.1444],[-67.7079,47.076],[-67.7706,47.058],[-67.8829,47.1044],[-67.9572,47.1996],[-68.2345,47.3553],[-68.3631,47.3547],[-68.3779,47.2874],[-68.58,47.2871],[-68.6175,47.2434],[-68.717,47.2406],[-68.9,47.1777],[-69.0508,47.2565],[-69.051,47.3001],[-68.5681,47.4271],[-68.3835,47.5531],[-68.3825,47.7908],[-67.6885,47.5689]]]}},{"type":"Feature","id":"1314","properties":{"name":"Restigouche","st":"13"},"geometry":{"type":"Polygon","coordinates":[[[-65.7293,48.0],[-65.8074,47.8556],[-65.9153,47.8275],[-66.1077,47.5773],[-67.0482,47.3627],[-68.3825,47.7908],[-68.3823,47.9161],[-68.1228,47.9164],[-68.1226,47.9999],[-67.598,47.9998],[-67.5929,47.9244],[-67.3743,47.8438],[-67.3484,47.8956],[-67.2108,47.8755],[-67.059,47.9356],[-66.958,47.8921],[-66.9213,47.9846],[-66.6936,48.0068],[-66.4698,48.0856],[-66.3821,48.0882],[-66.2753,48.0383],[-65.7293,48.0]]]}},{"type":"Feature","id":"1315","properties":{"name":"Gloucester","st":"13"},"geometry":{"type":"Polygon","coordinates":[[[-64.734,47.6392],[-64.8308,47.5008],[-64.8509,47.3784],[-64.9868,47.3494],[-65.0413,47.4125],[-65.8159,47.2325],[-66.2172,47.5506],[-66.1077,47.5773],[-65.9153,47.8275],[-65.8074,47.8556],[-65.7293,48.0],[-65.5046,48.0],[-65.7225,47.8539],[-65.643,47.6829],[-65.5298,47.6971],[-65.1463,47.8615],[-64.7505,47.8691],[-64.5093,48.0236],[-64.4596,47.9565],[-64.5113,47.813],[-64.5754,47.7196],[-64.734,47.6392]]]}},{"type":"Feature","id":"2401","properties":{"name":"Communaut\u00e9 maritime des \u00celes-de-la-Madeleine","st":"24"},"geometry":{"type":"Polygon","coordinates":[[[-62.0,47.2076],[-62.0276,47.2361],[-61.956,47.4034],[-61.643,47.5896],[-61.4935,47.8118],[-61.1101,47.8545],[-61.2476,47.7619],[-61.4402,47.5557],[-61.6831,47.4791],[-61.684,47.2585],[-61.8833,47.1991],[-62.0,47.2076]]]}},{"type":"Feature","id":"2402","properties":{"name":"Le Rocher-Perc\u00e9","st":"24"},"geometry":{"type":"Polygon","coordinates":[[[-64.1316,48.697],[-64.1504,48.4692],[-64.3677,48.386],[-64.6199,48.3337],[-64.7381,48.252],[-64.7646,48.2007],[-64.6107,48.1018],[-64.9147,48.0047],[-65.1353,48.246],[-64.9574,48.3283],[-65.5012,48.679],[-64.1316,48.697]]]}},{"type":"Feature","id":"2403","properties":{"name":"La C\u00f4te-de-Gasp\u00e9","st":"24"},"geometry":{"type":"Polygon","coordinates":[[[-64.7077,49.1845],[-64.4957,49.109],[-64.2367,48.9619],[-64.1621,48.8663],[-64.1316,48.697],[-65.5017,48.6792],[-65.5287,48.9984],[-65.3091,48.9991],[-65.3103,49.0958],[-65.1876,49.0986],[-65.1964,49.242],[-64.7077,49.1845]]]}},{"type":"Feature","id":"2404","properties":{"name":"La Haute-Gasp\u00e9sie","st":"24"},"geometry":{"type":"Polygon","coordinates":[[[-65.1964,49.242],[-65.1876,49.0986],[-65.3103,49.0958],[-65.3091,48.9991],[-65.5287,48.9984],[-65.5017,48.6792],[-65.9491,48.5678],[-66.5369,48.957],[-66.7061,48.902],[-66.7062,49.0],[-66.7324,49.0174],[-66.8322,48.9851],[-66.9956,49.0962],[-66.7342,49.119],[-66.1188,49.234],[-65.5567,49.259],[-65.1964,49.242]]]}},{"type":"Feature","id":"2464","properties":{"name":"Les Moulins","st":"24"},"geometry":{"type":"Polygon","coordinates":[[[-73.5495,45.8163],[-73.4972,45.7047],[-73.7451,45.6685],[-73.8465,45.7218],[-73.7648,45.7128],[-73.7307,45.7543],[-73.824,45.8169],[-73.7973,45.8268],[-73.6705,45.7867],[-73.6449,45.8142],[-73.6183,45.7964],[-73.5495,45.8163]]]}},{"type":"Feature","id":"2423","properties":{"name":"Qu\u00e9bec","st":"24"},"geometry":{"type":"Polygon","coordinates":[[[-71.2235,46.9696],[-71.1336,46.8814],[-71.269,46.7515],[-71.5039,46.702],[-71.6063,46.7759],[-71.4921,46.8026],[-71.5494,46.8511],[-71.405,46.9242],[-71.4477,46.969],[-71.4215,46.9819],[-71.374,46.9326],[-71.336,46.9554],[-71.3036,46.9303],[-71.2235,46.9696]]]}},{"type":"Feature","id":"2420","properties":{"name":"L'\u00cele-d'Orl\u00e9ans","st":"24"},"geometry":{"type":"Polygon","coordinates":[[[-70.6981,47.0189],[-71.0043,46.8499],[-71.1679,46.8441],[-70.9367,47.0075],[-70.7198,47.06],[-70.6981,47.0189]]]}},{"type":"Feature","id":"2421","properties":{"name":"La C\u00f4te-de-Beaupr\u00e9","st":"24"},"geometry":{"type":"Polygon","coordinates":[[[-70.7129,47.2589],[-70.4792,47.2069],[-70.6905,47.0351],[-70.7198,47.06],[-70.8869,47.025],[-71.1336,46.8814],[-71.1617,46.894],[-71.2057,46.9662],[-71.086,47.0504],[-71.1468,47.1042],[-71.1725,47.0878],[-71.2645,47.134],[-71.2511,47.1538],[-72.0739,47.9502],[-71.4037,47.9501],[-70.7129,47.2589]]]}},{"type":"Feature","id":"2440","properties":{"name":"Les Sources","st":"24"},"geometry":{"type":"Polygon","coordinates":[[[-71.4496,45.7894],[-71.5855,45.6931],[-71.6118,45.7123],[-71.7161,45.6174],[-71.7753,45.6503],[-71.8319,45.6005],[-71.9591,45.7055],[-72.0144,45.6987],[-72.1337,45.7607],[-72.0293,45.8537],[-71.9214,45.7964],[-71.8618,45.799],[-71.77,45.8853],[-71.6364,45.8144],[-71.6173,45.8305],[-71.5419,45.7873],[-71.4641,45.8167],[-71.4496,45.7894]]]}},{"type":"Feature","id":"2441","properties":{"name":"Le Haut-Saint-Fran\u00e7ois","st":"24"},"geometry":{"type":"Polygon","coordinates":[[[-71.2073,45.6425],[-71.2326,45.5807],[-71.1586,45.5359],[-71.1603,45.4582],[-71.133,45.4583],[-71.1332,45.2445],[-71.23,45.2495],[-71.2841,45.3022],[-71.3846,45.2331],[-71.6051,45.2386],[-71.6434,45.2474],[-71.6444,45.3065],[-71.8157,45.3064],[-71.831,45.4531],[-71.7523,45.5185],[-71.7094,45.4929],[-71.6262,45.5668],[-71.7161,45.6174],[-71.6118,45.7123],[-71.5855,45.6931],[-71.4367,45.7987],[-71.2073,45.6425]]]}},{"type":"Feature","id":"2442","properties":{"name":"Le Val-Saint-Fran\u00e7ois","st":"24"},"geometry":{"type":"Polygon","coordinates":[[[-72.0195,45.7014],[-71.9581,45.705],[-71.8319,45.6005],[-71.7753,45.6503],[-71.6262,45.5668],[-71.7094,45.4929],[-71.7523,45.5185],[-71.831,45.4531],[-71.8937,45.4669],[-71.8776,45.4955],[-71.9199,45.524],[-71.9874,45.5192],[-72.0354,45.4701],[-71.9755,45.4432],[-72.0685,45.4398],[-72.0667,45.4005],[-72.1053,45.3852],[-72.1444,45.3815],[-72.184,45.4472],[-72.2376,45.4498],[-72.2489,45.3746],[-72.463,45.3752],[-72.4547,45.4509],[-72.4039,45.4492],[-72.3597,45.5889],[-72.2988,45.5893],[-72.2372,45.6462],[-72.3108,45.6884],[-72.2245,45.7583],[-72.2365,45.7393],[-72.2152,45.7322],[-72.2242,45.7162],[-72.2152,45.7114],[-72.2094,45.6985],[-72.2074,45.6964],[-72.2069,45.6961],[-72.1337,45.7607],[-72.0195,45.7014]]]}},{"type":"Feature","id":"2443","properties":{"name":"Sherbrooke","st":"24"},"geometry":{"type":"Polygon","coordinates":[[[-71.9199,45.524],[-71.8937,45.4669],[-71.8222,45.4532],[-71.8026,45.4083],[-71.8161,45.3177],[-71.9048,45.3622],[-71.9487,45.3077],[-72.1088,45.3015],[-72.0685,45.4398],[-71.9755,45.4432],[-72.0354,45.4701],[-71.9998,45.5076],[-71.9199,45.524]]]}},{"type":"Feature","id":"2444","properties":{"name":"Coaticook","st":"24"},"geometry":{"type":"Polygon","coordinates":[[[-71.6444,45.3065],[-71.6051,45.2386],[-71.4072,45.2416],[-71.4434,45.2366],[-71.3973,45.2035],[-71.4295,45.1225],[-71.4977,45.0706],[-71.5006,45.0141],[-72.0403,45.0065],[-72.0964,45.0332],[-72.098,45.161],[-71.9173,45.1601],[-71.9203,45.3053],[-71.8639,45.3505],[-71.8157,45.3064],[-71.6444,45.3065]]]}},{"type":"Feature","id":"2445","properties":{"name":"Memphr\u00e9magog","st":"24"},"geometry":{"type":"Polygon","coordinates":[[[-72.184,45.4472],[-72.1444,45.3815],[-72.1053,45.3852],[-72.1088,45.3015],[-71.9487,45.3077],[-71.9295,45.3605],[-71.8639,45.3505],[-71.9203,45.3053],[-71.9173,45.1601],[-72.098,45.161],[-72.0964,45.0332],[-72.0403,45.0065],[-72.4858,45.0087],[-72.4798,45.1579],[-72.4034,45.1557],[-72.3996,45.308],[-72.4627,45.3074],[-72.463,45.3752],[-72.2489,45.3746],[-72.2376,45.4498],[-72.184,45.4472]]]}},{"type":"Feature","id":"2446","properties":{"name":"Brome-Missisquoi","st":"24"},"geometry":{"type":"Polygon","coordinates":[[[-72.3996,45.308],[-72.4034,45.1557],[-72.4798,45.1579],[-72.4858,45.0087],[-73.1601,45.014],[-73.1041,45.0818],[-73.0635,45.2678],[-73.0461,45.2927],[-73.0161,45.2722],[-73.0489,45.3253],[-72.99,45.3418],[-72.8824,45.2646],[-72.8507,45.299],[-72.7844,45.2999],[-72.7621,45.3414],[-72.6594,45.3516],[-72.588,45.3073],[-72.3996,45.308]]]}},{"type":"Feature","id":"2447","properties":{"name":"La Haute-Yamaska","st":"24"},"geometry":{"type":"Polygon","coordinates":[[[-72.607,45.5376],[-72.5864,45.4985],[-72.4486,45.4943],[-72.4627,45.3074],[-72.588,45.3073],[-72.6669,45.3522],[-72.7621,45.3414],[-72.7844,45.2999],[-72.8763,45.2844],[-72.7998,45.5379],[-72.607,45.5376]]]}},{"type":"Feature","id":"2448","properties":{"name":"Acton","st":"24"},"geometry":{"type":"Polygon","coordinates":[[[-72.5851,45.7826],[-72.5779,45.7525],[-72.3144,45.5971],[-72.3597,45.5889],[-72.4023,45.5283],[-72.4039,45.4492],[-72.4547,45.4509],[-72.4486,45.4943],[-72.5864,45.4985],[-72.6158,45.6051],[-72.7301,45.5976],[-72.7044,45.7591],[-72.5851,45.7826]]]}},{"type":"Feature","id":"2449","properties":{"name":"Drummond","st":"24"},"geometry":{"type":"Polygon","coordinates":[[[-72.506,46.0838],[-72.4789,46.0354],[-72.4203,46.0464],[-72.397,46.023],[-72.3544,46.0588],[-72.2841,46.0216],[-72.3272,45.9686],[-72.3097,45.9384],[-72.2407,45.9181],[-72.2612,45.8896],[-72.0932,45.7971],[-72.2069,45.6961],[-72.2245,45.7583],[-72.3108,45.6884],[-72.2372,45.6462],[-72.2988,45.5893],[-72.6019,45.7924],[-72.6461,45.7559],[-72.7044,45.7591],[-72.8526,45.8644],[-72.7526,45.943],[-72.8003,46.0133],[-72.5518,46.0211],[-72.5646,46.0617],[-72.506,46.0838]]]}},{"type":"Feature","id":"2450","properties":{"name":"Nicolet-Yamaska","st":"24"},"geometry":{"type":"Polygon","coordinates":[[[-72.4089,46.2594],[-72.3279,46.2115],[-72.1792,46.1784],[-72.1494,46.1252],[-72.3072,46.0312],[-72.3544,46.0588],[-72.397,46.023],[-72.4203,46.0464],[-72.4789,46.0354],[-72.5176,46.0976],[-72.5646,46.0617],[-72.5518,46.0211],[-72.6574,46.0063],[-72.734,46.0325],[-72.7896,46.0104],[-72.8803,46.0342],[-72.9383,46.106],[-72.9447,46.0784],[-72.9968,46.1123],[-72.9584,46.1502],[-72.6082,46.2816],[-72.4874,46.1936],[-72.4089,46.2594]]]}},{"type":"Feature","id":"2451","properties":{"name":"Maskinong\u00e9","st":"24"},"geometry":{"type":"Polygon","coordinates":[[[-73.2567,46.8844],[-73.1335,46.8325],[-73.1791,46.7509],[-73.0637,46.7063],[-73.0333,46.6536],[-72.9875,46.6668],[-72.9953,46.7455],[-72.91,46.7239],[-72.8599,46.6637],[-72.8819,46.6597],[-72.8952,46.6672],[-72.8979,46.6647],[-72.8703,46.6207],[-72.7664,46.5461],[-72.7684,46.4682],[-72.7044,46.4241],[-72.7398,46.4007],[-72.6907,46.3659],[-72.7779,46.3163],[-72.6948,46.2529],[-72.9584,46.1502],[-73.0387,46.1561],[-73.2163,46.2785],[-73.2266,46.3162],[-73.1765,46.3233],[-73.2044,46.3579],[-73.1691,46.3821],[-73.3334,46.4984],[-73.2832,46.5334],[-73.3377,46.6035],[-73.4357,46.5986],[-73.4627,46.7071],[-73.4291,46.8706],[-73.2567,46.8844]]]}},{"type":"Feature","id":"2452","properties":{"name":"D'Autray","st":"24"},"geometry":{"type":"Polygon","coordinates":[[[-73.4554,46.5862],[-73.1691,46.3821],[-73.2044,46.3579],[-73.1765,46.3233],[-73.2266,46.3162],[-73.2163,46.2785],[-73.0387,46.1561],[-72.9805,46.1686],[-72.9569,46.1417],[-72.9658,46.1151],[-73.0438,46.1073],[-73.1581,46.0431],[-73.2432,45.8863],[-73.3125,45.8476],[-73.391,45.9098],[-73.2337,46.0551],[-73.4116,46.0695],[-73.413,46.1262],[-73.3684,46.1412],[-73.3548,46.1904],[-73.4749,46.2334],[-73.394,46.3478],[-73.5629,46.5178],[-73.4554,46.5862]]]}},{"type":"Feature","id":"2454","properties":{"name":"Les Maskoutains","st":"24"},"geometry":{"type":"Polygon","coordinates":[[[-72.8984,45.908],[-72.6826,45.7437],[-72.7301,45.5976],[-72.6158,45.6051],[-72.6205,45.5379],[-72.7995,45.538],[-72.8172,45.4728],[-72.8966,45.4792],[-72.925,45.4524],[-73.0346,45.4919],[-73.0726,45.476],[-73.0625,45.5383],[-73.1388,45.5744],[-73.1318,45.632],[-73.0989,45.6131],[-73.115,45.6928],[-73.059,45.7482],[-73.1236,45.818],[-73.1028,45.8528],[-73.0311,45.907],[-72.9388,45.8688],[-72.8984,45.908]]]}},{"type":"Feature","id":"2455","properties":{"name":"Rouville","st":"24"},"geometry":{"type":"Polygon","coordinates":[[[-72.8201,45.4566],[-72.8824,45.2646],[-73.0462,45.387],[-73.0878,45.3557],[-73.1795,45.3913],[-73.22,45.3621],[-73.2804,45.465],[-73.2318,45.5351],[-73.1158,45.4539],[-73.0346,45.4919],[-72.9581,45.475],[-72.9661,45.4571],[-72.8966,45.4792],[-72.8201,45.4566]]]}},{"type":"Feature","id":"2456","properties":{"name":"Le Haut-Richelieu","st":"24"},"geometry":{"type":"Polygon","coordinates":[[[-73.0327,45.377],[-72.9948,45.3376],[-73.0489,45.3253],[-73.0161,45.2722],[-73.0461,45.2927],[-73.0635,45.2678],[-73.1041,45.0818],[-73.1601,45.014],[-73.4107,45.0098],[-73.3998,45.1074],[-73.3563,45.1323],[-73.3802,45.2116],[-73.3519,45.2343],[-73.4114,45.2549],[-73.3697,45.3118],[-73.4096,45.3321],[-73.3937,45.4105],[-73.3268,45.3832],[-73.3083,45.4061],[-73.22,45.3621],[-73.1795,45.3913],[-73.1331,45.3597],[-73.0327,45.377]]]}},{"type":"Feature","id":"2457","properties":{"name":"La Vall\u00e9e-du-Richelieu","st":"24"},"geometry":{"type":"Polygon","coordinates":[[[-73.1847,45.8619],[-73.059,45.7482],[-73.115,45.6928],[-73.0989,45.6131],[-73.1318,45.632],[-73.1388,45.5744],[-73.0625,45.5383],[-73.0726,45.476],[-73.1158,45.4539],[-73.2318,45.5351],[-73.2804,45.465],[-73.2526,45.3849],[-73.3083,45.4061],[-73.3487,45.3861],[-73.387,45.4276],[-73.2946,45.5404],[-73.2581,45.6747],[-73.2881,45.6961],[-73.2194,45.7489],[-73.2686,45.7912],[-73.1847,45.8619]]]}},{"type":"Feature","id":"2460","properties":{"name":"L'Assomption","st":"24"},"geometry":{"type":"Polygon","coordinates":[[[-73.4564,45.9438],[-73.3125,45.8476],[-73.2694,45.8573],[-73.4736,45.7004],[-73.5786,45.8213],[-73.4628,45.9047],[-73.4564,45.9438]]]}},{"type":"Feature","id":"2461","properties":{"name":"Joliette","st":"24"},"geometry":{"type":"Polygon","coordinates":[[[-73.5558,46.2003],[-73.4812,46.1797],[-73.4865,46.1413],[-73.4646,46.1484],[-73.4349,46.131],[-73.4686,46.1148],[-73.404,46.1178],[-73.4116,46.0695],[-73.2337,46.0551],[-73.392,45.9052],[-73.5407,45.9724],[-73.5173,46.0261],[-73.6377,46.079],[-73.5669,46.1255],[-73.5977,46.148],[-73.5558,46.2003]]]}},{"type":"Feature","id":"2453","properties":{"name":"Pierre-De Saurel","st":"24"},"geometry":{"type":"Polygon","coordinates":[[[-72.9386,46.0963],[-72.8803,46.0342],[-72.8002,46.0133],[-72.7526,45.943],[-72.8544,45.878],[-72.8984,45.908],[-72.9388,45.8688],[-73.0311,45.907],[-73.1236,45.818],[-73.2039,45.8754],[-73.1636,46.0366],[-73.0366,46.1093],[-72.9447,46.0784],[-72.9386,46.0963]]]}},{"type":"Feature","id":"2458","properties":{"name":"Longueuil","st":"24"},"geometry":{"type":"Polygon","coordinates":[[[-73.3617,45.5735],[-73.2926,45.5532],[-73.3834,45.4157],[-73.5216,45.4377],[-73.5292,45.5346],[-73.4501,45.6583],[-73.3617,45.5735]]]}},{"type":"Feature","id":"2459","properties":{"name":"Marguerite-D'Youville","st":"24"},"geometry":{"type":"Polygon","coordinates":[[[-73.1858,45.9844],[-73.1847,45.8619],[-73.2686,45.7912],[-73.2194,45.7489],[-73.2881,45.6961],[-73.2619,45.6388],[-73.2926,45.5532],[-73.3187,45.5574],[-73.4449,45.6572],[-73.473,45.6419],[-73.4859,45.6827],[-73.389,45.7859],[-73.2756,45.8459],[-73.1858,45.9844]]]}},{"type":"Feature","id":"2462","properties":{"name":"Matawinie","st":"24"},"geometry":{"type":"Polygon","coordinates":[[[-74.4838,47.7424],[-73.9563,47.3885],[-73.999,47.3457],[-74.0285,47.1761],[-73.9158,47.0996],[-73.858,47.1419],[-73.7779,47.0864],[-73.6459,46.9375],[-73.6649,46.9276],[-73.6654,46.8639],[-73.563,46.8824],[-73.5278,46.8613],[-73.4946,46.912],[-73.4231,46.8909],[-73.4627,46.7071],[-73.4357,46.5986],[-73.3614,46.6182],[-73.2832,46.5334],[-73.3334,46.4984],[-73.4554,46.5862],[-73.5629,46.5178],[-73.394,46.3478],[-73.4749,46.2334],[-73.3548,46.1904],[-73.3684,46.1412],[-73.4686,46.1148],[-73.4349,46.131],[-73.4865,46.1413],[-73.4812,46.1797],[-73.5622,46.2061],[-73.5977,46.148],[-73.5669,46.1255],[-73.6377,46.079],[-73.6223,46.0345],[-73.6582,46.0098],[-73.6981,46.0353],[-73.788,45.9779],[-73.8731,46.0281],[-73.9758,45.9791],[-74.0043,46.0327],[-73.9605,46.065],[-74.0762,46.1179],[-74.0334,46.1506],[-74.1841,46.2501],[-74.2666,46.1977],[-74.3414,46.2482],[-74.4118,46.2977],[-74.334,46.3525],[-74.4777,46.4542],[-74.3448,46.5478],[-74.4384,46.6146],[-74.492,46.6065],[-74.5116,46.68],[-74.4713,46.8692],[-74.4307,46.897],[-74.5759,46.9979],[-74.4117,47.104],[-74.486,47.222],[-74.6599,47.2448],[-74.6182,47.2509],[-74.587,47.3165],[-74.5421,47.3134],[-74.5137,47.4063],[-74.4121,47.5188],[-74.5394,47.5099],[-74.8886,47.7609],[-74.4838,47.7424]]]}},{"type":"Feature","id":"2463","properties":{"name":"Montcalm","st":"24"},"geometry":{"type":"Polygon","coordinates":[[[-73.6103,46.0593],[-73.5173,46.0261],[-73.5407,45.9724],[-73.4603,45.9518],[-73.4628,45.9047],[-73.5325,45.8766],[-73.5594,45.8249],[-73.6705,45.7867],[-73.8068,45.8208],[-73.9772,45.9779],[-73.8731,46.0281],[-73.788,45.9779],[-73.6981,46.0353],[-73.6582,46.0098],[-73.6103,46.0593]]]}},{"type":"Feature","id":"2425","properties":{"name":"L\u00e9vis","st":"24"},"geometry":{"type":"Polygon","coordinates":[[[-71.1679,46.8441],[-70.9939,46.7797],[-71.0317,46.7591],[-71.008,46.7421],[-71.1049,46.7298],[-71.1412,46.7075],[-71.127,46.6696],[-71.2088,46.6117],[-71.2246,46.6514],[-71.3312,46.5722],[-71.5177,46.6983],[-71.269,46.7515],[-71.1679,46.8441]]]}},{"type":"Feature","id":"2426","properties":{"name":"La Nouvelle-Beauce","st":"24"},"geometry":{"type":"Polygon","coordinates":[[[-71.152,46.6524],[-71.042,46.5903],[-70.961,46.5937],[-70.8367,46.5134],[-70.8138,46.5284],[-70.744,46.4939],[-70.6888,46.4071],[-70.758,46.3621],[-70.7875,46.3889],[-70.8351,46.3593],[-70.8862,46.3931],[-70.9484,46.3388],[-70.9829,46.3734],[-71.0401,46.3451],[-71.0999,46.3552],[-71.2287,46.4815],[-71.1948,46.5264],[-71.2428,46.5468],[-71.2684,46.5287],[-71.3312,46.5722],[-71.2246,46.6514],[-71.2148,46.6076],[-71.152,46.6524]]]}},{"type":"Feature","id":"2427","properties":{"name":"Robert-Cliche","st":"24"},"geometry":{"type":"Polygon","coordinates":[[[-70.5579,46.35],[-70.7162,46.2345],[-70.748,46.1377],[-70.8452,46.1155],[-70.8601,46.0627],[-71.0065,46.1436],[-70.9791,46.1907],[-71.1464,46.3418],[-70.9829,46.3734],[-70.9484,46.3388],[-70.8862,46.3931],[-70.8351,46.3593],[-70.7875,46.3889],[-70.758,46.3621],[-70.6621,46.4245],[-70.5579,46.35]]]}},{"type":"Feature","id":"2428","properties":{"name":"Les Etchemins","st":"24"},"geometry":{"type":"Polygon","coordinates":[[[-70.2952,46.6757],[-70.0465,46.4642],[-70.057,46.4149],[-70.1918,46.3497],[-70.2925,46.1915],[-70.2362,46.1452],[-70.3106,46.0641],[-70.279,46.0559],[-70.4049,46.0281],[-70.4752,46.1443],[-70.5418,46.1893],[-70.5686,46.1719],[-70.5923,46.2104],[-70.6183,46.1924],[-70.6731,46.2627],[-70.5579,46.35],[-70.6219,46.3939],[-70.5295,46.4785],[-70.5821,46.5484],[-70.495,46.6106],[-70.4452,46.5759],[-70.2952,46.6757]]]}},{"type":"Feature","id":"2429","properties":{"name":"Beauce-Sartigan","st":"24"},"geometry":{"type":"Polygon","coordinates":[[[-70.6731,46.2627],[-70.4752,46.1443],[-70.4051,46.0282],[-70.2798,46.0552],[-70.3157,45.9639],[-70.239,45.944],[-70.2593,45.8895],[-70.4008,45.7959],[-70.4712,45.7889],[-70.4996,45.8271],[-70.6317,45.7789],[-70.6517,45.8028],[-70.6637,45.782],[-70.8926,45.7801],[-70.8959,45.8908],[-71.1068,45.9461],[-71.0465,46.0063],[-70.9904,46.0049],[-71.0237,46.0764],[-70.9703,46.1158],[-70.8601,46.0627],[-70.8452,46.1155],[-70.748,46.1377],[-70.6731,46.2627]]]}},{"type":"Feature","id":"2430","properties":{"name":"Le Granit","st":"24"},"geometry":{"type":"Polygon","coordinates":[[[-70.4754,45.7945],[-70.4218,45.8068],[-70.3847,45.7332],[-70.5577,45.667],[-70.7235,45.5125],[-70.63,45.4265],[-70.637,45.3823],[-70.7962,45.4277],[-70.8387,45.2339],[-70.893,45.2387],[-70.9189,45.3125],[-71.0096,45.3476],[-71.0089,45.3192],[-71.0976,45.3018],[-71.1315,45.2467],[-71.133,45.4583],[-71.1603,45.4582],[-71.1586,45.5359],[-71.2326,45.5807],[-71.2073,45.6425],[-71.3927,45.7687],[-71.3424,45.8043],[-71.3493,45.8703],[-71.1786,45.8152],[-71.1368,45.8564],[-71.1622,45.9248],[-71.1298,45.9574],[-70.8959,45.8908],[-70.8926,45.7801],[-70.6637,45.782],[-70.6517,45.8028],[-70.6317,45.7789],[-70.4996,45.8271],[-70.4754,45.7945]]]}},{"type":"Feature","id":"2431","properties":{"name":"Les Appalaches","st":"24"},"geometry":{"type":"Polygon","coordinates":[[[-71.105,46.3092],[-70.979,46.1905],[-71.0134,46.168],[-70.9701,46.1159],[-71.0252,46.058],[-70.9904,46.0049],[-71.0465,46.0063],[-71.1622,45.9248],[-71.1368,45.8564],[-71.1786,45.8152],[-71.3493,45.8703],[-71.3424,45.8043],[-71.3927,45.7687],[-71.4679,45.8192],[-71.4551,45.8727],[-71.6861,45.9667],[-71.5097,46.1372],[-71.5295,46.1631],[-71.4855,46.2138],[-71.4193,46.2233],[-71.3724,46.2683],[-71.4133,46.2896],[-71.3221,46.349],[-71.255,46.3014],[-71.105,46.3092]]]}},{"type":"Feature","id":"2432","properties":{"name":"L'\u00c9rable","st":"24"},"geometry":{"type":"Polygon","coordinates":[[[-71.4785,46.396],[-71.5085,46.3384],[-71.3724,46.2683],[-71.4193,46.2233],[-71.4855,46.2138],[-71.5295,46.1631],[-71.5097,46.1372],[-71.6257,46.0251],[-71.8171,46.1389],[-71.9623,46.0954],[-71.9499,46.2013],[-71.9861,46.2469],[-71.8659,46.3071],[-71.9746,46.3867],[-71.8812,46.4508],[-71.7612,46.3637],[-71.6181,46.4526],[-71.4785,46.396]]]}},{"type":"Feature","id":"2433","properties":{"name":"Lotbini\u00e8re","st":"24"},"geometry":{"type":"Polygon","coordinates":[[[-71.5177,46.6983],[-71.2684,46.5287],[-71.2428,46.5468],[-71.1948,46.5264],[-71.2287,46.4815],[-71.1028,46.3583],[-71.1464,46.3418],[-71.1006,46.3095],[-71.255,46.3014],[-71.3218,46.349],[-71.4133,46.2896],[-71.5085,46.3384],[-71.4785,46.396],[-71.6181,46.4526],[-71.7612,46.3637],[-72.0567,46.572],[-71.8619,46.679],[-71.7043,46.6484],[-71.5177,46.6983]]]}},{"type":"Feature","id":"2434","properties":{"name":"Portneuf","st":"24"},"geometry":{"type":"Polygon","coordinates":[[[-72.0766,47.4098],[-71.8147,47.3281],[-71.6315,47.1912],[-71.8146,47.1123],[-71.6327,46.9869],[-71.7198,46.9283],[-71.7148,46.854],[-71.5537,46.7846],[-71.6063,46.7759],[-71.5039,46.702],[-71.7043,46.6484],[-71.8712,46.6779],[-72.0814,46.57],[-72.3932,46.7921],[-72.1689,46.8749],[-72.4362,47.0573],[-72.3715,47.1017],[-72.3939,47.1287],[-72.5188,47.1467],[-72.5476,47.3097],[-72.4721,47.335],[-72.4794,47.3794],[-72.4404,47.4023],[-72.4008,47.3538],[-72.4269,47.2999],[-72.2557,47.2613],[-72.1666,47.3846],[-72.1385,47.3669],[-72.0766,47.4098]]]}},{"type":"Feature","id":"2435","properties":{"name":"M\u00e9kinac","st":"24"},"geometry":{"type":"Polygon","coordinates":[[[-73.7362,47.4969],[-73.2498,47.167],[-73.0182,47.1412],[-72.949,47.2125],[-72.9032,47.2156],[-72.7095,47.0618],[-72.5371,47.1837],[-72.5151,47.1447],[-72.3939,47.1287],[-72.3715,47.1017],[-72.4362,47.0573],[-72.1689,46.8749],[-72.3932,46.7921],[-72.2867,46.7176],[-72.3579,46.6688],[-72.4192,46.6833],[-72.4925,46.6075],[-72.5515,46.6457],[-72.5849,46.6229],[-72.657,46.6716],[-72.7015,46.6522],[-72.7983,46.7662],[-72.852,46.7586],[-72.9095,46.7947],[-72.8222,46.8561],[-72.9047,46.8626],[-72.9309,46.9039],[-73.0391,46.9183],[-73.1272,46.829],[-73.2638,46.887],[-73.4126,46.8799],[-73.4946,46.912],[-73.5255,46.862],[-73.563,46.8824],[-73.6601,46.8604],[-73.6466,46.9387],[-73.7779,47.0864],[-73.858,47.1419],[-73.9158,47.0996],[-74.0285,47.1761],[-73.999,47.3457],[-73.9183,47.4705],[-73.7362,47.4969]]]}},{"type":"Feature","id":"2436","properties":{"name":"Shawinigan","st":"24"},"geometry":{"type":"Polygon","coordinates":[[[-72.9294,46.897],[-72.9047,46.8626],[-72.8222,46.8561],[-72.9095,46.7947],[-72.852,46.7586],[-72.7983,46.7662],[-72.7015,46.6522],[-72.657,46.6716],[-72.5846,46.6232],[-72.6153,46.6028],[-72.5834,46.5806],[-72.7595,46.4605],[-72.7664,46.5461],[-72.8703,46.6207],[-72.8979,46.6647],[-72.8599,46.6637],[-72.91,46.7239],[-73.0113,46.7362],[-73.0003,46.6486],[-73.1791,46.7509],[-73.0401,46.9178],[-72.9294,46.897]]]}},{"type":"Feature","id":"2437","properties":{"name":"Francheville","st":"24"},"geometry":{"type":"Polygon","coordinates":[[[-72.2867,46.7176],[-72.0814,46.57],[-72.2006,46.5343],[-72.2665,46.4335],[-72.4611,46.3835],[-72.5824,46.2917],[-72.6948,46.2529],[-72.7779,46.3163],[-72.6907,46.3659],[-72.7595,46.4605],[-72.5834,46.5806],[-72.6153,46.6028],[-72.5515,46.6457],[-72.4925,46.6075],[-72.4192,46.6833],[-72.3579,46.6688],[-72.2867,46.7176]]]}},{"type":"Feature","id":"2438","properties":{"name":"B\u00e9cancour","st":"24"},"geometry":{"type":"Polygon","coordinates":[[[-72.0376,46.5572],[-71.8812,46.4508],[-71.9746,46.3867],[-71.8917,46.3266],[-71.9448,46.293],[-72.0054,46.319],[-72.203,46.192],[-72.2832,46.1943],[-72.3494,46.2553],[-72.4089,46.2594],[-72.4874,46.1936],[-72.6082,46.2815],[-72.4611,46.3835],[-72.2606,46.4369],[-72.1658,46.5552],[-72.0376,46.5572]]]}},{"type":"Feature","id":"2439","properties":{"name":"Arthabaska","st":"24"},"geometry":{"type":"Polygon","coordinates":[[[-71.8855,46.2967],[-71.9861,46.2469],[-71.9499,46.2013],[-71.9623,46.0954],[-71.8171,46.1389],[-71.6885,46.0747],[-71.6257,46.0251],[-71.6861,45.9667],[-71.4551,45.8727],[-71.4985,45.791],[-71.6173,45.8305],[-71.6364,45.8144],[-71.77,45.8853],[-71.8618,45.799],[-71.9214,45.7964],[-72.0293,45.8537],[-72.0932,45.7971],[-72.2612,45.8896],[-72.2407,45.9181],[-72.3097,45.9384],[-72.3051,46.033],[-72.1495,46.1106],[-72.2172,46.1959],[-72.119,46.2615],[-72.0798,46.2516],[-72.0054,46.319],[-71.9448,46.293],[-71.8917,46.3266],[-71.8855,46.2967]]]}},{"type":"Feature","id":"2469","properties":{"name":"Le Haut-Saint-Laurent","st":"24"},"geometry":{"type":"Polygon","coordinates":[[[-73.8305,45.2136],[-73.6706,45.0991],[-73.6949,45.0028],[-74.6686,45.0044],[-74.493,45.0661],[-74.4417,45.1308],[-74.2136,45.2228],[-74.1241,45.1455],[-73.9728,45.1796],[-73.9505,45.1625],[-73.8305,45.2136]]]}},{"type":"Feature","id":"2470","properties":{"name":"Beauharnois-Salaberry","st":"24"},"geometry":{"type":"Polygon","coordinates":[[[-73.852,45.3571],[-73.6685,45.2065],[-73.7264,45.1689],[-73.7727,45.166],[-73.8577,45.2182],[-73.9505,45.1625],[-73.9728,45.1796],[-74.1241,45.1455],[-74.2136,45.2228],[-74.1472,45.2944],[-74.0443,45.2951],[-73.852,45.3571]]]}},{"type":"Feature","id":"2422","properties":{"name":"La Jacques-Cartier","st":"24"},"geometry":{"type":"Polygon","coordinates":[[[-71.8926,47.7726],[-71.2511,47.1538],[-71.2645,47.134],[-71.1725,47.0878],[-71.1468,47.1042],[-71.086,47.0504],[-71.2057,46.9662],[-71.1928,46.9382],[-71.2235,46.9696],[-71.3036,46.9303],[-71.336,46.9554],[-71.374,46.9326],[-71.4215,46.9819],[-71.4477,46.969],[-71.405,46.9242],[-71.5494,46.8511],[-71.4921,46.8026],[-71.5531,46.7842],[-71.7148,46.854],[-71.7198,46.9283],[-71.6327,46.9869],[-71.8146,47.1123],[-71.6315,47.1912],[-71.8147,47.3281],[-72.0163,47.4086],[-72.0781,47.4094],[-72.1385,47.3669],[-72.1629,47.469],[-72.2397,47.536],[-71.8926,47.7726]]]}},{"type":"Feature","id":"2419","properties":{"name":"Bellechasse","st":"24"},"geometry":{"type":"Polygon","coordinates":[[[-70.8162,46.9303],[-70.7712,46.8553],[-70.7037,46.8064],[-70.6852,46.8348],[-70.628,46.8021],[-70.5791,46.8356],[-70.4745,46.7628],[-70.5038,46.7506],[-70.4798,46.7201],[-70.4449,46.7415],[-70.3242,46.6579],[-70.4452,46.5759],[-70.495,46.6106],[-70.5821,46.5484],[-70.5295,46.4785],[-70.6212,46.3942],[-70.6621,46.4245],[-70.6888,46.4071],[-70.7235,46.4347],[-70.6956,46.4563],[-70.8138,46.5284],[-70.8367,46.5134],[-70.9232,46.5778],[-71.042,46.5903],[-71.0931,46.6491],[-71.1192,46.63],[-71.152,46.6524],[-71.124,46.7192],[-71.008,46.7421],[-71.0317,46.7591],[-70.9939,46.7797],[-71.0797,46.8396],[-70.8162,46.9303]]]}},{"type":"Feature","id":"3547","properties":{"name":"Renfrew","st":"35"},"geometry":{"type":"Polygon","coordinates":[[[-78.1351,46.2747],[-77.6978,46.1829],[-77.6765,46.1988],[-77.5661,46.1592],[-77.2791,46.0155],[-77.2784,45.9489],[-77.1903,45.8639],[-76.9877,45.7866],[-76.9134,45.8037],[-76.9276,45.8923],[-76.7802,45.8724],[-76.7703,45.7341],[-76.6928,45.7087],[-76.7119,45.6655],[-76.6593,45.5607],[-76.2974,45.4473],[-76.7698,45.1423],[-76.8147,45.2214],[-76.8945,45.1935],[-76.9377,45.2109],[-76.9925,45.1844],[-76.9707,45.1453],[-77.1375,45.0993],[-77.2158,45.237],[-77.544,45.1436],[-77.691,45.4381],[-77.8475,45.3956],[-77.9099,45.5158],[-77.7741,45.5532],[-77.8412,45.6725],[-77.4983,45.7643],[-77.692,46.1133],[-77.8904,46.0602],[-77.9199,46.1126],[-78.0866,46.067],[-78.133,46.153],[-78.3186,46.1036],[-78.4125,46.2733],[-78.3884,46.2917],[-78.3096,46.2532],[-78.1351,46.2747]]]}},{"type":"Feature","id":"3548","properties":{"name":"Nipissing","st":"35"},"geometry":{"type":"Polygon","coordinates":[[[-79.6327,47.2318],[-79.6318,47.0585],[-79.4102,47.0598],[-79.2237,46.8427],[-79.1708,46.8252],[-78.9899,46.5489],[-78.8927,46.4619],[-78.7271,46.3829],[-78.7115,46.326],[-78.4035,46.2934],[-78.3186,46.1036],[-78.133,46.153],[-78.0866,46.067],[-77.9199,46.1126],[-77.8904,46.0602],[-77.692,46.1133],[-77.4983,45.7643],[-77.8412,45.6725],[-77.7741,45.5532],[-77.9099,45.5158],[-77.8475,45.3956],[-78.1785,45.3098],[-78.3148,45.5611],[-78.8599,45.4146],[-79.0553,45.7651],[-79.1305,45.7516],[-79.3661,46.2419],[-79.8369,46.2056],[-80.0076,46.1441],[-80.1151,46.1463],[-80.0724,46.1167],[-80.3062,46.1051],[-80.2917,46.6254],[-80.3584,46.6426],[-80.3551,46.7112],[-80.2916,46.7113],[-80.2702,47.2348],[-79.7898,47.2343],[-79.7337,47.1739],[-79.6327,47.2318]]]}},{"type":"Feature","id":"3549","properties":{"name":"Parry Sound","st":"35"},"geometry":{"type":"Polygon","coordinates":[[[-79.3659,46.2415],[-79.1305,45.7516],[-79.0553,45.7651],[-78.9282,45.5327],[-79.6726,45.3344],[-79.6063,45.2149],[-80.0575,45.0922],[-80.1201,45.1006],[-80.3374,45.0193],[-80.6001,44.9735],[-81.071,45.3607],[-81.0755,45.8655],[-80.5573,45.8917],[-80.5831,46.0184],[-80.2085,46.0543],[-80.1451,46.0762],[-80.1744,46.1059],[-80.0724,46.1167],[-80.1138,46.147],[-80.0076,46.1441],[-79.8461,46.204],[-79.3659,46.2415]]]}},{"type":"Feature","id":"3551","properties":{"name":"Manitoulin","st":"35"},"geometry":{"type":"Polygon","coordinates":[[[-82.0444,46.1036],[-81.5515,46.0945],[-81.5676,46.0571],[-81.5389,46.0525],[-81.7172,46.0078],[-81.5139,46.0416],[-81.505,46.0324],[-81.6715,46.0096],[-81.5565,45.9986],[-81.7093,45.9501],[-81.7107,45.9142],[-81.0758,45.9011],[-81.071,45.3607],[-82.0,45.3608],[-82.0,45.5],[-82.8774,45.5016],[-83.5939,45.8199],[-83.4362,46.0],[-82.3611,46.02],[-82.2128,46.0619],[-82.1458,45.9972],[-82.0444,46.1036]]]}},{"type":"Feature","id":"3552","properties":{"name":"Sudbury","st":"35"},"geometry":{"type":"Polygon","coordinates":[[[-81.8566,48.4499],[-81.8569,48.1039],[-81.0736,48.1035],[-81.0734,47.3218],[-80.2721,47.3202],[-80.2916,46.7113],[-80.3551,46.7112],[-80.3584,46.6426],[-80.2917,46.6254],[-80.3062,46.1051],[-80.1395,46.0902],[-80.2921,46.037],[-80.5831,46.0184],[-80.5573,45.8917],[-81.0755,45.8655],[-81.0758,45.9011],[-81.7107,45.9142],[-81.7093,45.9501],[-81.5565,45.9986],[-81.6617,46.003],[-81.6722,46.0075],[-81.6715,46.0096],[-81.5058,46.0312],[-81.7197,46.0097],[-81.5394,46.052],[-81.5678,46.0578],[-81.5515,46.0945],[-82.051,46.0992],[-82.0569,46.1769],[-82.3123,46.1856],[-82.3129,46.2775],[-82.1924,46.2778],[-82.1928,46.3674],[-82.068,46.3666],[-82.0692,46.6251],[-81.9448,46.6252],[-81.9499,46.9761],[-82.5787,46.9771],[-82.5772,47.2356],[-83.9749,47.2362],[-84.0146,48.4496],[-81.8566,48.4499]],[[-80.8179,46.9728],[-80.9481,46.9733],[-80.9489,46.8867],[-81.0748,46.8874],[-81.0732,46.8018],[-81.1847,46.8001],[-81.1834,46.7155],[-81.4446,46.7151],[-81.4391,46.4961],[-81.5682,46.4975],[-81.5975,46.366],[-81.5671,46.3662],[-81.5663,46.2794],[-81.4364,46.2797],[-81.4359,46.1953],[-81.3069,46.1998],[-81.3583,46.3098],[-81.2822,46.3846],[-81.1444,46.4073],[-81.1312,46.3485],[-80.693,46.361],[-80.694,46.6248],[-80.5646,46.6245],[-80.5641,46.8822],[-80.82,46.8876],[-80.8179,46.9728]]]}},{"type":"Feature","id":"3553","properties":{"name":"Greater Sudbury / Grand Sudbury","st":"35"},"geometry":{"type":"Polygon","coordinates":[[[-80.8179,46.9728],[-80.82,46.8876],[-80.5641,46.8822],[-80.5646,46.6245],[-80.694,46.6248],[-80.693,46.361],[-81.1312,46.3485],[-81.1444,46.4073],[-81.2822,46.3846],[-81.3583,46.3098],[-81.3069,46.1998],[-81.4359,46.1953],[-81.4364,46.2797],[-81.5663,46.2794],[-81.5671,46.3662],[-81.5975,46.366],[-81.5682,46.4975],[-81.4391,46.4961],[-81.4446,46.7151],[-81.1834,46.7155],[-81.1847,46.8001],[-81.0732,46.8018],[-81.0748,46.8874],[-80.9489,46.8867],[-80.9481,46.9733],[-80.8179,46.9728]]]}},{"type":"Feature","id":"3554","properties":{"name":"Timiskaming","st":"35"},"geometry":{"type":"Polygon","coordinates":[[[-79.5176,48.2589],[-79.5106,47.5408],[-79.5869,47.4331],[-79.4268,47.2501],[-79.443,47.101],[-79.4102,47.0598],[-79.6318,47.0585],[-79.6327,47.2318],[-79.7337,47.1739],[-79.7898,47.2343],[-80.2702,47.2348],[-80.2721,47.3202],[-81.0734,47.3218],[-81.0736,48.1035],[-81.8569,48.1039],[-81.856,48.2774],[-79.5176,48.2589]]]}},{"type":"Feature","id":"3556","properties":{"name":"Cochrane","st":"35"},"geometry":{"type":"Polygon","coordinates":[[[-81.5538,52.2909],[-81.4364,52.2317],[-81.5,52.2386],[-81.3657,52.1057],[-81.1447,52.0397],[-81.0795,52.0589],[-80.9723,52.0017],[-80.8834,51.8944],[-80.7934,51.8879],[-80.7188,51.8194],[-80.688,51.8479],[-80.6865,51.7982],[-80.5704,51.7081],[-80.5126,51.5476],[-80.4394,51.4802],[-80.3965,51.3293],[-80.113,51.2907],[-79.8845,51.1712],[-79.784,51.1524],[-79.6724,51.2559],[-79.7455,51.3292],[-79.7323,51.3713],[-79.6767,51.3384],[-79.6812,51.4082],[-79.6147,51.4155],[-79.5791,51.4736],[-79.5158,51.4607],[-79.5177,48.2762],[-81.856,48.2774],[-81.8566,48.4499],[-82.6415,48.4506],[-82.6393,49.1904],[-83.6426,49.1893],[-83.6433,49.4499],[-84.4843,49.4514],[-84.4856,49.7094],[-85.3317,49.7099],[-85.3329,49.9695],[-86.5491,49.97],[-86.548,51.5196],[-86.3865,51.6218],[-86.4016,51.7025],[-86.3543,51.746],[-86.2587,51.7744],[-86.1462,51.754],[-85.9001,51.6224],[-85.4601,51.6509],[-85.3116,51.5256],[-85.2261,51.5082],[-85.1525,51.4302],[-85.0505,51.3957],[-84.9978,51.2896],[-84.8994,51.274],[-84.792,51.1933],[-84.5874,51.1193],[-84.48,51.1086],[-84.3037,51.2394],[-83.8981,51.3093],[-83.715,51.4069],[-83.6055,51.4157],[-83.5073,51.4766],[-83.2934,51.5306],[-83.24,51.656],[-82.9522,51.8696],[-82.7862,51.9283],[-82.5961,51.9278],[-82.4199,52.0],[-82.3264,52.0906],[-82.089,52.1152],[-81.812,52.2393],[-81.5538,52.2909]]]}},{"type":"Feature","id":"3557","properties":{"name":"Algoma","st":"35"},"geometry":{"type":"Polygon","coordinates":[[[-84.4856,49.7094],[-84.4843,49.4514],[-83.6433,49.4499],[-83.6426,49.1893],[-82.6393,49.1904],[-82.6415,48.4506],[-84.0146,48.4496],[-83.9749,47.2362],[-82.5772,47.2356],[-82.5787,46.9771],[-81.9499,46.9761],[-81.9448,46.6252],[-82.0692,46.6251],[-82.068,46.3666],[-82.1928,46.3674],[-82.1924,46.2778],[-82.3129,46.2775],[-82.3123,46.1856],[-82.0569,46.1769],[-82.0562,46.1005],[-82.1458,45.9972],[-82.2128,46.0619],[-82.3611,46.02],[-83.4362,46.0],[-83.5719,46.1058],[-83.655,46.1217],[-83.8263,46.1189],[-83.9555,46.0567],[-84.1082,46.2414],[-84.129,46.5305],[-84.2259,46.5341],[-84.2762,46.4929],[-84.4211,46.5006],[-84.4765,46.4529],[-84.5568,46.4608],[-84.7628,46.6343],[-84.8543,46.8922],[-85.3135,47.0843],[-85.3316,49.7099],[-84.4856,49.7094]]]}},{"type":"Feature","id":"3558","properties":{"name":"Thunder Bay","st":"35"},"geometry":{"type":"Polygon","coordinates":[[[-86.548,51.5196],[-86.5491,49.97],[-85.3329,49.9695],[-85.3135,47.0843],[-88.3686,48.3056],[-88.6792,48.2439],[-89.3374,47.9741],[-89.4894,48.0146],[-89.5807,47.9963],[-89.7499,48.0235],[-89.8969,47.9875],[-89.9937,48.028],[-90.0233,48.0848],[-90.1426,48.1128],[-90.3744,48.091],[-90.5567,48.0959],[-90.5797,48.1238],[-90.7516,48.091],[-90.7982,48.1369],[-90.7779,48.1638],[-90.8364,48.177],[-90.8438,48.2437],[-90.9649,48.222],[-90.9645,50.9583],[-90.9312,51.0218],[-90.6218,51.1303],[-90.5985,51.0877],[-90.4881,51.1151],[-90.3929,51.0682],[-90.249,51.1337],[-90.1987,51.1195],[-90.0815,51.1518],[-90.0507,51.1296],[-89.9688,51.1741],[-89.5797,51.2503],[-89.3208,51.4262],[-89.1886,51.4287],[-89.1076,51.528],[-88.9946,51.51],[-89.0019,51.4538],[-88.8575,51.5128],[-88.8313,51.5576],[-88.5439,51.553],[-88.4976,51.5068],[-88.3671,51.4782],[-87.9729,51.4913],[-87.8167,51.4241],[-87.7819,51.3585],[-87.6898,51.3352],[-87.6415,51.2815],[-87.5215,51.2451],[-87.2491,51.2838],[-86.9589,51.4265],[-86.8183,51.3979],[-86.7245,51.428],[-86.6933,51.4842],[-86.548,51.5196]]]}},{"type":"Feature","id":"3559","properties":{"name":"Rainy River","st":"35"},"geometry":{"type":"Polygon","coordinates":[[[-94.5598,49.2959],[-94.2038,49.2723],[-94.203,49.2003],[-94.0928,49.201],[-94.0948,49.1085],[-94.2288,49.0962],[-94.2296,49.0],[-93.83,49.0001],[-93.8295,49.1075],[-92.9341,49.1058],[-92.937,49.0194],[-90.9654,49.0196],[-90.9649,48.222],[-91.2668,48.0788],[-91.5675,48.0438],[-91.5591,48.1086],[-91.7117,48.1146],[-91.7154,48.1995],[-91.9584,48.2331],[-92.0552,48.3594],[-92.2626,48.3549],[-92.3062,48.3163],[-92.2696,48.2482],[-92.3699,48.2203],[-92.4698,48.3521],[-92.4564,48.4141],[-92.5075,48.448],[-92.6562,48.4365],[-92.7127,48.463],[-92.6987,48.4948],[-92.627,48.5033],[-92.6349,48.5426],[-92.7284,48.5394],[-92.95,48.6084],[-92.9548,48.6316],[-93.2547,48.6428],[-93.4655,48.5916],[-93.4674,48.5464],[-93.788,48.5159],[-93.8444,48.6302],[-94.2242,48.6494],[-94.3088,48.7103],[-94.5385,48.7027],[-94.6909,48.778],[-94.6834,48.8841],[-94.823,49.2879],[-94.6975,49.2858],[-94.6987,49.3661],[-94.5616,49.3666],[-94.5598,49.2959]]]}},{"type":"Feature","id":"3560","properties":{"name":"Kenora","st":"35"},"geometry":{"type":"Polygon","coordinates":[[[-88.874,56.8615],[-88.6237,56.6788],[-88.5043,56.6555],[-88.2584,56.5308],[-87.9791,56.4731],[-87.9237,56.3917],[-87.845,56.3475],[-87.8266,56.3437],[-87.812,56.3342],[-87.8414,56.3458],[-87.6568,56.1067],[-87.5812,56.0518],[-87.4728,56.049],[-87.4807,56.0184],[-87.373,55.99],[-87.3613,55.9546],[-86.9012,55.9141],[-86.3768,55.765],[-86.2686,55.708],[-85.8955,55.6558],[-85.6419,55.5577],[-85.3601,55.3779],[-85.1221,55.3356],[-85.1255,55.2612],[-84.9718,55.2797],[-84.8522,55.2399],[-84.544,55.2243],[-84.3061,55.2752],[-84.0783,55.2501],[-83.8928,55.295],[-83.7435,55.2478],[-83.6722,55.2695],[-83.3375,55.1987],[-82.9542,55.2237],[-82.883,55.1463],[-82.7971,55.128],[-82.6991,55.1381],[-82.6736,55.1825],[-82.5518,55.1224],[-82.5236,55.1512],[-82.4623,55.1371],[-82.416,55.0774],[-82.3065,55.0533],[-82.3492,55.1565],[-82.2525,55.1096],[-82.267,54.9317],[-82.2487,54.9347],[-82.2277,54.9165],[-82.2236,54.9096],[-82.2619,54.8959],[-82.2355,54.8629],[-82.2156,54.8801],[-82.1954,54.8043],[-82.3223,54.504],[-82.4106,54.3601],[-82.447,54.3595],[-82.4363,54.2051],[-82.2438,54.0511],[-82.1239,53.8265],[-82.2148,53.5907],[-82.1081,53.2741],[-82.2589,53.1709],[-82.2576,52.9737],[-82.2928,52.9568],[-82.1097,52.8911],[-81.9434,52.7772],[-82.0,52.765],[-81.9384,52.7689],[-81.8819,52.668],[-81.5317,52.4423],[-81.5059,52.3248],[-81.812,52.2393],[-82.089,52.1152],[-82.3264,52.0906],[-82.4199,52.0],[-82.5961,51.9278],[-82.7862,51.9283],[-82.9522,51.8696],[-83.24,51.656],[-83.2934,51.5306],[-83.5073,51.4766],[-83.6055,51.4157],[-83.715,51.4069],[-83.8981,51.3093],[-84.3037,51.2394],[-84.48,51.1086],[-84.5874,51.1193],[-84.792,51.1933],[-84.8994,51.274],[-84.9978,51.2896],[-85.0505,51.3957],[-85.1525,51.4302],[-85.2261,51.5082],[-85.3116,51.5256],[-85.4601,51.6509],[-85.9001,51.6224],[-85.9901,51.647],[-86.0457,51.714],[-86.2587,51.7744],[-86.3983,51.712],[-86.3851,51.6252],[-86.427,51.5793],[-86.7289,51.4698],[-86.7284,51.4261],[-86.8653,51.3931],[-86.9589,51.4265],[-87.2491,51.2838],[-87.4755,51.25],[-87.6415,51.2815],[-87.6898,51.3352],[-87.7819,51.3585],[-87.8167,51.4241],[-87.9729,51.4913],[-88.3671,51.4782],[-88.4976,51.5068],[-88.5439,51.553],[-88.8313,51.5576],[-88.8575,51.5128],[-88.9879,51.4542],[-88.9946,51.51],[-89.1107,51.527],[-89.1886,51.4287],[-89.3208,51.4262],[-89.5797,51.2503],[-89.9688,51.1741],[-90.0507,51.1296],[-90.0815,51.1518],[-90.1987,51.1195],[-90.249,51.1337],[-90.3929,51.0682],[-90.4881,51.1151],[-90.5985,51.0877],[-90.6218,51.1303],[-90.7154,51.0772],[-90.9102,51.036],[-90.9645,50.9583],[-90.9654,49.0196],[-92.937,49.0194],[-92.9341,49.1058],[-93.8295,49.1075],[-93.83,49.0001],[-94.2296,49.0],[-94.2288,49.0962],[-94.2078,49.1024],[-94.1932,49.0852],[-94.1742,49.0864],[-94.0937,49.1185],[-94.0928,49.201],[-94.203,49.2003],[-94.2038,49.2723],[-94.5594,49.2837],[-94.5616,49.3666],[-94.6987,49.3661],[-94.6975,49.2858],[-94.823,49.2879],[-94.8157,49.3214],[-94.9522,49.3687],[-95.0581,49.3531],[-95.156,49.3926],[-95.1532,52.8406],[-93.6296,53.7502],[-88.9796,56.8511],[-88.874,56.8615]]]}},{"type":"Feature","id":"4601","properties":{"name":"Division No.  1","st":"46"},"geometry":{"type":"Polygon","coordinates":[[[-96.5204,50.7785],[-96.5247,50.6896],[-96.3295,50.5967],[-96.3293,50.5532],[-96.2154,50.5534],[-96.2147,50.5918],[-96.0754,50.5915],[-96.075,50.5716],[-95.9461,50.5704],[-95.9465,50.4832],[-95.5344,50.483],[-95.5348,50.3648],[-95.1528,50.3958],[-95.1532,48.9989],[-96.7863,49.0002],[-96.78,49.2663],[-96.3745,49.267],[-96.3532,50.3268],[-96.4453,50.3263],[-96.4454,50.4153],[-96.5376,50.416],[-96.5373,50.5331],[-96.583,50.5331],[-96.6035,50.6612],[-96.5297,50.6803],[-96.5752,50.7458],[-96.5204,50.7785]]]}},{"type":"Feature","id":"4602","properties":{"name":"Division No.  2","st":"46"},"geometry":{"type":"Polygon","coordinates":[[[-97.0371,49.7976],[-96.3657,49.7961],[-96.3745,49.267],[-96.78,49.2663],[-96.7863,49.0002],[-97.2577,49.0005],[-97.2578,49.0377],[-97.1873,49.0486],[-97.3111,49.1881],[-97.2654,49.1924],[-97.2783,49.2661],[-97.188,49.2662],[-97.1599,49.5284],[-97.2541,49.5319],[-97.1626,49.6206],[-97.1627,49.708],[-97.2199,49.7136],[-97.0821,49.7533],[-97.0371,49.7976]]]}},{"type":"Feature","id":"4603","properties":{"name":"Division No.  3","st":"46"},"geometry":{"type":"Polygon","coordinates":[[[-97.7325,49.5324],[-97.16,49.5319],[-97.188,49.2662],[-97.2783,49.2661],[-97.2654,49.1924],[-97.3025,49.1921],[-97.3111,49.1881],[-97.1883,49.0345],[-97.2578,49.0377],[-97.2577,49.0005],[-98.268,49.0003],[-98.273,49.2664],[-98.4089,49.2661],[-98.4148,49.6211],[-97.7324,49.621],[-97.7325,49.5324]]]}},{"type":"Feature","id":"4604","properties":{"name":"Division No.  4","st":"46"},"geometry":{"type":"Polygon","coordinates":[[[-99.3604,49.5335],[-98.4091,49.5317],[-98.4089,49.2661],[-98.273,49.2664],[-98.268,49.0003],[-99.4822,49.0],[-99.4954,49.267],[-99.361,49.2221],[-99.3604,49.5335]]]}},{"type":"Feature","id":"4605","properties":{"name":"Division No.  5","st":"46"},"geometry":{"type":"Polygon","coordinates":[[[-101.3926,49.5327],[-99.3604,49.5335],[-99.361,49.2221],[-99.4954,49.267],[-99.4822,49.0],[-101.362,48.9995],[-101.3926,49.5327]]]}},{"type":"Feature","id":"4606","properties":{"name":"Division No.  6","st":"46"},"geometry":{"type":"Polygon","coordinates":[[[-101.4473,50.064],[-100.4846,50.0631],[-100.4642,49.5324],[-101.4176,49.5327],[-101.4473,50.064]]]}},{"type":"Feature","id":"4607","properties":{"name":"Division No.  7","st":"46"},"geometry":{"type":"MultiPolygon","coordinates":[[[[-99.4317,50.2278],[-99.4298,50.2266],[-99.4317,50.2267],[-99.4317,50.2278]]],[[[-99.6608,50.24],[-99.4886,50.2405],[-99.4886,50.2104],[-99.4317,50.2114],[-99.4196,50.2335],[-99.4311,50.2405],[-99.248,50.2404],[-99.248,50.0634],[-99.1104,50.0635],[-99.0993,49.5331],[-100.4642,49.5324],[-100.4846,50.063],[-99.6602,50.0634],[-99.6608,50.24]]]]}},{"type":"Feature","id":"4608","properties":{"name":"Division No.  8","st":"46"},"geometry":{"type":"Polygon","coordinates":[[[-98.7075,50.5061],[-98.7068,50.595],[-98.6444,50.595],[-98.5202,50.3985],[-98.6018,50.3149],[-98.549,50.1522],[-98.5513,49.798],[-98.4148,49.7985],[-98.4145,49.5317],[-99.098,49.5324],[-99.1104,50.0635],[-99.248,50.0634],[-99.248,50.2404],[-99.4007,50.2405],[-99.4152,50.6392],[-98.9969,50.6394],[-98.985,50.5648],[-98.8468,50.5651],[-98.8472,50.5063],[-98.7075,50.5061]]]}},{"type":"Feature","id":"4609","properties":{"name":"Division No.  9","st":"46"},"geometry":{"type":"Polygon","coordinates":[[[-98.0145,50.3046],[-98.0098,50.0666],[-97.9474,50.0768],[-97.9492,50.012],[-97.8725,50.0267],[-97.8688,49.7979],[-97.7323,49.7984],[-97.7324,49.621],[-98.4148,49.6211],[-98.4148,49.7985],[-98.5513,49.798],[-98.5599,50.2356],[-98.4502,50.1913],[-98.3213,50.1875],[-98.1104,50.2459],[-98.0145,50.3046]]]}},{"type":"Feature","id":"4610","properties":{"name":"Division No. 10","st":"46"},"geometry":{"type":"Polygon","coordinates":[[[-97.7351,50.0638],[-97.6519,49.9964],[-97.6426,50.0197],[-97.6026,50.0123],[-97.4441,49.9233],[-97.4538,49.8056],[-97.2194,49.8147],[-97.22,49.7092],[-97.1627,49.708],[-97.1626,49.6206],[-97.2541,49.5319],[-97.7325,49.5324],[-97.7323,49.7984],[-97.8688,49.7979],[-97.8725,50.0267],[-97.9492,50.012],[-97.9474,50.0768],[-97.7351,50.0638]]]}},{"type":"Feature","id":"4611","properties":{"name":"Division No. 11","st":"46"},"geometry":{"type":"Polygon","coordinates":[[[-97.1494,49.9939],[-96.9977,49.9304],[-97.0252,49.9154],[-96.9648,49.9156],[-96.956,49.886],[-97.0269,49.8711],[-97.0481,49.7746],[-97.2199,49.7136],[-97.2194,49.8147],[-97.4538,49.8056],[-97.4441,49.9233],[-97.2296,49.9165],[-97.2294,49.9755],[-97.1494,49.9939]]]}},{"type":"Feature","id":"2465","properties":{"name":"Laval","st":"24"},"geometry":{"type":"Polygon","coordinates":[[[-73.5247,45.6975],[-73.7637,45.5119],[-73.8954,45.5266],[-73.7305,45.6785],[-73.5247,45.6975]]]}},{"type":"Feature","id":"2466","properties":{"name":"Montr\u00e9al","st":"24"},"geometry":{"type":"Polygon","coordinates":[[[-73.4754,45.6997],[-73.5373,45.4225],[-73.8053,45.3985],[-73.9867,45.4232],[-73.9987,45.4498],[-73.9071,45.5225],[-73.7637,45.5119],[-73.677,45.5554],[-73.609,45.6454],[-73.4754,45.6997]]]}},{"type":"Feature","id":"2467","properties":{"name":"Roussillon","st":"24"},"geometry":{"type":"Polygon","coordinates":[[[-73.3937,45.4105],[-73.3877,45.3585],[-73.4607,45.289],[-73.51,45.2776],[-73.634,45.3147],[-73.6982,45.229],[-73.8488,45.3441],[-73.7708,45.4154],[-73.581,45.4129],[-73.5216,45.4377],[-73.3937,45.4105]]]}},{"type":"Feature","id":"2468","properties":{"name":"Les Jardins-de-Napierville","st":"24"},"geometry":{"type":"Polygon","coordinates":[[[-73.3713,45.3081],[-73.4114,45.2549],[-73.3519,45.2343],[-73.3802,45.2116],[-73.3563,45.1323],[-73.3998,45.1074],[-73.4107,45.0098],[-73.6949,45.0028],[-73.6706,45.0991],[-73.7553,45.1682],[-73.6685,45.2065],[-73.6982,45.229],[-73.6509,45.3016],[-73.51,45.2776],[-73.4084,45.3289],[-73.3713,45.3081]]]}},{"type":"Feature","id":"2471","properties":{"name":"Vaudreuil-Soulanges","st":"24"},"geometry":{"type":"Polygon","coordinates":[[[-74.3305,45.5077],[-73.9987,45.4498],[-73.9456,45.4004],[-73.8053,45.3985],[-73.9417,45.3234],[-74.1472,45.2944],[-74.2114,45.224],[-74.3204,45.1869],[-74.4719,45.3027],[-74.3809,45.5659],[-74.3305,45.5077]]]}},{"type":"Feature","id":"2472","properties":{"name":"Deux-Montagnes","st":"24"},"geometry":{"type":"Polygon","coordinates":[[[-73.9443,45.6217],[-73.8432,45.5789],[-73.9895,45.451],[-74.0934,45.4509],[-74.2799,45.5233],[-74.1912,45.5793],[-74.121,45.5147],[-74.074,45.5219],[-73.9443,45.6217]]]}},{"type":"Feature","id":"2473","properties":{"name":"Th\u00e9r\u00e8se-De Blainville","st":"24"},"geometry":{"type":"Polygon","coordinates":[[[-73.7307,45.7543],[-73.7648,45.7128],[-73.8465,45.7218],[-73.7451,45.6685],[-73.8432,45.5789],[-73.9314,45.6394],[-73.8639,45.6437],[-73.9257,45.6853],[-73.85,45.7241],[-73.912,45.7661],[-73.824,45.8169],[-73.7307,45.7543]]]}},{"type":"Feature","id":"2474","properties":{"name":"Mirabel","st":"24"},"geometry":{"type":"Polygon","coordinates":[[[-73.9476,45.7894],[-73.85,45.7241],[-73.9257,45.6853],[-73.8639,45.6437],[-73.9314,45.6394],[-73.8959,45.6065],[-73.9443,45.6217],[-74.074,45.5219],[-74.121,45.5147],[-74.1912,45.5793],[-74.2414,45.5493],[-74.2228,45.626],[-74.2675,45.6323],[-74.2419,45.6963],[-74.2118,45.7005],[-74.2121,45.6704],[-74.1135,45.7],[-74.0575,45.7312],[-74.0736,45.7482],[-73.9817,45.7457],[-73.9476,45.7894]]]}},{"type":"Feature","id":"2475","properties":{"name":"La Rivi\u00e8re-du-Nord","st":"24"},"geometry":{"type":"Polygon","coordinates":[[[-74.0021,45.9978],[-73.8068,45.8208],[-73.912,45.7661],[-73.9476,45.7894],[-73.9817,45.7457],[-74.0521,45.7578],[-74.0998,45.7072],[-74.2121,45.6704],[-74.1823,45.7951],[-74.1036,45.7851],[-74.142,45.8193],[-74.0912,45.8307],[-74.0929,45.9373],[-74.0021,45.9978]]]}},{"type":"Feature","id":"2476","properties":{"name":"Argenteuil","st":"24"},"geometry":{"type":"Polygon","coordinates":[[[-74.5016,45.9116],[-74.5365,45.7636],[-74.4401,45.7527],[-74.4231,45.8462],[-74.3091,45.829],[-74.2629,45.8598],[-74.1142,45.8098],[-74.1063,45.783],[-74.1823,45.7951],[-74.2084,45.687],[-74.2656,45.6817],[-74.2675,45.6323],[-74.2228,45.626],[-74.2799,45.5233],[-74.245,45.5064],[-74.3305,45.5077],[-74.3818,45.5663],[-74.6339,45.6381],[-74.8077,45.6384],[-74.7085,45.9318],[-74.5016,45.9116]]]}},{"type":"Feature","id":"2477","properties":{"name":"Les Pays-d'en-Haut","st":"24"},"geometry":{"type":"Polygon","coordinates":[[[-74.084,46.1129],[-73.9605,46.065],[-74.0043,46.0327],[-73.9797,46.0148],[-74.0929,45.9373],[-74.0912,45.8307],[-74.142,45.8193],[-74.2629,45.8598],[-74.3091,45.829],[-74.4231,45.8462],[-74.4401,45.7527],[-74.5365,45.7636],[-74.5002,45.9151],[-74.453,45.9269],[-74.4416,45.9056],[-74.4126,46.0189],[-74.2641,46.0002],[-74.2466,45.9486],[-74.1446,46.0029],[-74.1238,46.0247],[-74.1681,46.0553],[-74.084,46.1129]]]}},{"type":"Feature","id":"2478","properties":{"name":"Les Laurentides","st":"24"},"geometry":{"type":"Polygon","coordinates":[[[-74.4118,46.2977],[-74.2582,46.198],[-74.1841,46.2501],[-74.0334,46.1506],[-74.1681,46.0553],[-74.1238,46.0247],[-74.1446,46.0029],[-74.2466,45.9486],[-74.2641,46.0002],[-74.4126,46.0189],[-74.4416,45.9056],[-74.4762,45.9293],[-74.5016,45.9116],[-74.7085,45.9318],[-74.6982,45.9718],[-74.8022,45.9441],[-74.8589,46.0632],[-74.9409,46.0618],[-74.94,46.1062],[-75.0899,46.1033],[-75.0756,46.2161],[-75.0306,46.2158],[-75.0355,46.3107],[-74.5934,46.3143],[-74.6452,46.3507],[-74.4777,46.4542],[-74.334,46.3525],[-74.4118,46.2977]]]}},{"type":"Feature","id":"2479","properties":{"name":"Antoine-Labelle","st":"24"},"geometry":{"type":"Polygon","coordinates":[[[-74.8886,47.7609],[-74.5394,47.5099],[-74.4121,47.5188],[-74.5137,47.4063],[-74.5421,47.3134],[-74.587,47.3165],[-74.6182,47.2509],[-74.6599,47.2448],[-74.486,47.222],[-74.4305,47.157],[-74.4593,47.136],[-74.4117,47.104],[-74.5759,46.9979],[-74.4307,46.897],[-74.4713,46.8692],[-74.5116,46.68],[-74.492,46.6065],[-74.4384,46.6146],[-74.3448,46.5478],[-74.6452,46.3507],[-74.5934,46.3143],[-75.0355,46.3107],[-75.0306,46.2158],[-75.1175,46.2159],[-75.1798,46.1034],[-75.4077,46.0971],[-75.4073,45.9724],[-75.6005,45.9716],[-75.6221,45.9946],[-75.7725,45.9583],[-75.7763,45.9857],[-75.6972,46.0231],[-75.7647,46.0226],[-75.7688,46.1751],[-75.8,46.1752],[-75.8132,46.2285],[-75.7847,46.2851],[-75.8161,46.3063],[-75.7065,46.3086],[-75.7058,46.4383],[-75.7451,46.4383],[-75.7502,46.839],[-75.8775,46.8135],[-75.9728,46.8792],[-76.1281,46.9203],[-76.1493,47.0062],[-76.1032,47.0305],[-76.0958,47.1863],[-75.9675,47.213],[-75.8023,47.3175],[-75.7262,47.2681],[-75.6482,47.2826],[-75.6258,47.1812],[-75.4763,47.2795],[-75.4596,47.3693],[-75.308,47.548],[-75.3604,47.5704],[-75.3695,47.6272],[-75.4147,47.5892],[-75.5374,47.7645],[-74.8886,47.7609]]]}},{"type":"Feature","id":"2480","properties":{"name":"Papineau","st":"24"},"geometry":{"type":"Polygon","coordinates":[[[-75.0889,46.1116],[-74.94,46.1062],[-74.9409,46.0618],[-74.8589,46.0632],[-74.8022,45.9441],[-74.6982,45.9718],[-74.8077,45.6384],[-74.9368,45.645],[-75.0219,45.5973],[-75.2364,45.5869],[-75.3453,45.5368],[-75.3718,45.7113],[-75.4879,45.7071],[-75.5106,45.846],[-75.7364,45.825],[-75.738,45.914],[-75.7936,45.9615],[-75.7976,45.9755],[-75.7692,45.9581],[-75.6017,45.9948],[-75.6005,45.9716],[-75.4073,45.9724],[-75.4077,46.0971],[-75.1798,46.1034],[-75.1175,46.2159],[-75.0756,46.2161],[-75.0889,46.1116]]]}},{"type":"Feature","id":"2481","properties":{"name":"Gatineau","st":"24"},"geometry":{"type":"Polygon","coordinates":[[[-75.3551,45.5961],[-75.3453,45.5368],[-75.6832,45.4591],[-75.8043,45.3761],[-75.8952,45.4016],[-75.9088,45.4805],[-75.7811,45.4598],[-75.7969,45.4824],[-75.7435,45.4772],[-75.7677,45.5167],[-75.72,45.5236],[-75.7235,45.5471],[-75.5371,45.5759],[-75.5319,45.54],[-75.439,45.5464],[-75.4456,45.591],[-75.3551,45.5961]]]}},{"type":"Feature","id":"2482","properties":{"name":"Les Collines-de-l'Outaouais","st":"24"},"geometry":{"type":"Polygon","coordinates":[[[-75.5106,45.846],[-75.4879,45.7071],[-75.3718,45.7113],[-75.3661,45.689],[-75.3553,45.5971],[-75.4456,45.591],[-75.439,45.5464],[-75.5319,45.54],[-75.5371,45.5759],[-75.7235,45.5471],[-75.72,45.5236],[-75.7677,45.5167],[-75.7435,45.4772],[-75.7969,45.4824],[-75.7811,45.4598],[-75.9088,45.4805],[-75.8952,45.4016],[-75.969,45.4699],[-76.0899,45.5139],[-76.2103,45.5167],[-76.2402,45.4712],[-76.2962,45.4645],[-76.3252,45.8003],[-76.151,45.8042],[-76.1519,45.7494],[-75.7248,45.7845],[-75.7364,45.825],[-75.7087,45.8283],[-75.5106,45.846]]]}},{"type":"Feature","id":"2483","properties":{"name":"La Vall\u00e9e-de-la-Gatineau","st":"24"},"geometry":{"type":"Polygon","coordinates":[[[-75.5205,47.8463],[-75.5244,47.7107],[-75.4467,47.6637],[-75.4147,47.5892],[-75.3695,47.6272],[-75.3604,47.5704],[-75.308,47.548],[-75.4596,47.3693],[-75.4731,47.2829],[-75.6258,47.1812],[-75.6482,47.2826],[-75.7258,47.268],[-75.7971,47.3171],[-75.8386,47.3103],[-75.9675,47.213],[-76.0919,47.191],[-76.1032,47.0305],[-76.1494,47.0051],[-76.1281,46.9203],[-75.9728,46.8792],[-75.8872,46.8167],[-75.7502,46.839],[-75.7451,46.4383],[-75.7058,46.4383],[-75.7065,46.3086],[-75.8161,46.3063],[-75.7847,46.2851],[-75.8106,46.1938],[-75.7688,46.1751],[-75.7647,46.0226],[-75.6972,46.0231],[-75.7977,45.9754],[-75.738,45.914],[-75.7248,45.7845],[-76.1519,45.7494],[-76.1524,46.0227],[-76.3194,46.0248],[-76.3218,46.2724],[-76.5241,46.2525],[-76.5955,46.3213],[-76.5042,46.3447],[-76.5198,46.4155],[-76.6595,46.5151],[-76.6421,46.5439],[-76.6816,46.5829],[-76.6681,46.6342],[-76.6117,46.6458],[-76.6627,46.6675],[-76.7969,46.6402],[-76.7968,47.0001],[-76.9999,47.0],[-77.0029,47.2892],[-76.5752,47.288],[-76.5734,47.6008],[-76.4242,47.513],[-76.4162,47.6031],[-76.4232,47.6077],[-76.4455,47.6012],[-76.4531,47.6056],[-76.4619,47.6015],[-76.4828,47.6029],[-76.4842,47.6005],[-76.4924,47.5978],[-76.4935,47.5999],[-76.3992,47.6561],[-76.3072,47.6664],[-76.228,47.7303],[-76.0158,47.7237],[-75.9356,47.8],[-75.8551,47.8034],[-75.8489,47.708],[-75.7886,47.673],[-75.7813,47.8036],[-75.7249,47.8479],[-75.5205,47.8463]]]}},{"type":"Feature","id":"2484","properties":{"name":"Pontiac","st":"24"},"geometry":{"type":"Polygon","coordinates":[[[-77.4317,47.2891],[-77.4327,47.1447],[-77.0037,47.1455],[-76.9999,47.0],[-76.7968,47.0001],[-76.7969,46.6402],[-76.6627,46.6675],[-76.6117,46.6458],[-76.6737,46.6282],[-76.6609,46.5179],[-76.5207,46.4169],[-76.5042,46.3447],[-76.5951,46.3181],[-76.4912,46.2422],[-76.3231,46.2741],[-76.3194,46.0248],[-76.1524,46.0227],[-76.151,45.8042],[-76.3252,45.8003],[-76.317,45.457],[-76.6593,45.5607],[-76.7119,45.6655],[-76.6928,45.7087],[-76.7703,45.7341],[-76.7802,45.8724],[-76.9276,45.8923],[-76.9134,45.8037],[-76.9877,45.7866],[-77.1903,45.8639],[-77.2784,45.9489],[-77.2791,46.0155],[-77.5661,46.1592],[-77.6765,46.1988],[-77.8502,46.2079],[-77.8392,46.3148],[-77.7418,46.4056],[-77.7764,46.4529],[-77.7743,46.5847],[-77.8619,46.6565],[-77.8175,46.71],[-77.8205,46.8209],[-77.8854,46.8226],[-77.8949,46.8552],[-77.856,46.9412],[-77.8454,46.9286],[-77.8508,46.8915],[-77.8495,46.8722],[-77.8437,46.8717],[-77.8279,47.0784],[-77.8584,47.2363],[-77.9312,47.2697],[-77.4317,47.2891]]]}},{"type":"Feature","id":"2485","properties":{"name":"T\u00e9miscamingue","st":"24"},"geometry":{"type":"Polygon","coordinates":[[[-77.4236,47.6992],[-77.4724,47.6332],[-77.4428,47.639],[-77.4662,47.6076],[-77.4241,47.5846],[-77.47,47.6068],[-77.504,47.5513],[-77.4406,47.5415],[-77.4721,47.524],[-77.4276,47.4897],[-77.493,47.5168],[-77.498,47.4971],[-77.4714,47.4946],[-77.4668,47.4898],[-77.4683,47.4825],[-77.5141,47.5001],[-77.51,47.4696],[-77.5533,47.4804],[-77.6093,47.4372],[-77.6014,47.4037],[-77.6625,47.434],[-77.7625,47.4247],[-77.8422,47.3033],[-77.8568,47.3287],[-77.9315,47.2701],[-77.8584,47.2363],[-77.8279,47.0784],[-77.8437,46.8717],[-77.856,46.9412],[-77.8949,46.8552],[-77.8854,46.8226],[-77.8205,46.8209],[-77.8175,46.71],[-77.8619,46.6565],[-77.7743,46.5847],[-77.7764,46.4529],[-77.7418,46.4056],[-77.8392,46.3148],[-77.8502,46.208],[-78.1351,46.2747],[-78.3096,46.2532],[-78.3884,46.2917],[-78.6973,46.3197],[-78.7271,46.3829],[-78.8927,46.4619],[-78.9899,46.5489],[-79.1708,46.8252],[-79.2768,46.8953],[-79.4403,47.0939],[-79.4268,47.2501],[-79.5869,47.4331],[-79.5106,47.5408],[-79.5175,47.9083],[-79.3871,47.9082],[-79.3863,47.8513],[-79.1491,47.8511],[-79.1506,47.881],[-78.6533,47.88],[-78.655,47.7023],[-77.4236,47.6992]]]}},{"type":"Feature","id":"2486","properties":{"name":"Rouyn-Noranda","st":"24"},"geometry":{"type":"Polygon","coordinates":[[[-78.6472,48.5745],[-78.6459,48.4303],[-78.5392,48.4305],[-78.5434,48.2409],[-78.4292,48.2411],[-78.4264,48.2849],[-78.2984,48.3431],[-78.3054,47.9958],[-78.2202,47.9955],[-78.2214,47.7015],[-78.655,47.7023],[-78.6533,47.88],[-79.1506,47.881],[-79.1491,47.8511],[-79.3863,47.8513],[-79.3871,47.9082],[-79.5175,47.9083],[-79.5174,48.4316],[-79.0825,48.4297],[-79.0826,48.5612],[-79.0271,48.5748],[-78.7889,48.5525],[-78.6472,48.5745]]]}},{"type":"Feature","id":"2487","properties":{"name":"Abitibi-Ouest","st":"24"},"geometry":{"type":"Polygon","coordinates":[[[-78.6438,49.0003],[-78.6432,48.5745],[-78.7113,48.5529],[-78.8645,48.575],[-79.0826,48.5612],[-79.0825,48.4297],[-79.5174,48.4316],[-79.5181,49.0081],[-78.6438,49.0003]]]}},{"type":"Feature","id":"2488","properties":{"name":"Abitibi","st":"24"},"geometry":{"type":"Polygon","coordinates":[[[-77.1372,48.8726],[-77.0841,48.7263],[-77.1276,48.5845],[-77.3441,48.5748],[-77.3443,48.5036],[-77.561,48.5034],[-77.5606,48.288],[-78.0745,48.2874],[-78.1121,48.2579],[-78.2236,48.2585],[-78.2238,48.2978],[-78.2721,48.2983],[-78.3152,48.3472],[-78.428,48.2836],[-78.4292,48.2411],[-78.5434,48.2409],[-78.5392,48.4305],[-78.6459,48.4303],[-78.6438,49.0002],[-77.0595,49.0001],[-77.1372,48.8726]]]}},{"type":"Feature","id":"2489","properties":{"name":"La Vall\u00e9e-de-l'Or","st":"24"},"geometry":{"type":"Polygon","coordinates":[[[-75.5251,49.0],[-75.5205,47.8463],[-75.7249,47.8479],[-75.7678,47.8205],[-75.7886,47.673],[-75.8489,47.708],[-75.8545,47.8032],[-75.9249,47.8017],[-76.0158,47.7237],[-76.2279,47.7304],[-76.3072,47.6664],[-76.4594,47.6271],[-76.4936,47.5981],[-76.4162,47.6031],[-76.4242,47.513],[-76.5734,47.6008],[-76.5752,47.288],[-77.0029,47.2892],[-77.0037,47.1455],[-77.4334,47.1448],[-77.4317,47.2891],[-77.9312,47.2697],[-77.8568,47.3287],[-77.8422,47.3033],[-77.7625,47.4247],[-77.6625,47.434],[-77.6014,47.4037],[-77.6093,47.4372],[-77.5533,47.4804],[-77.51,47.4696],[-77.5262,47.4847],[-77.5141,47.5001],[-77.4683,47.4825],[-77.493,47.5168],[-77.4441,47.4884],[-77.4276,47.4897],[-77.4721,47.524],[-77.4406,47.5415],[-77.504,47.5513],[-77.47,47.6068],[-77.4649,47.5966],[-77.428,47.5798],[-77.4241,47.5846],[-77.4662,47.6076],[-77.4428,47.639],[-77.4688,47.6293],[-77.4724,47.6332],[-77.4216,47.7028],[-78.2213,47.7033],[-78.2202,47.9955],[-78.3054,47.9958],[-78.2984,48.3431],[-78.2721,48.2983],[-78.2238,48.2978],[-78.2236,48.2585],[-78.1121,48.2579],[-78.0745,48.2874],[-77.5606,48.288],[-77.561,48.5034],[-77.3443,48.5036],[-77.3441,48.5748],[-77.1276,48.5845],[-77.0841,48.7263],[-77.1419,48.8638],[-77.0595,49.0001],[-75.5251,49.0]]]}},{"type":"Feature","id":"2490","properties":{"name":"La Tuque","st":"24"},"geometry":{"type":"Polygon","coordinates":[[[-74.5114,49.0],[-73.0164,47.9987],[-72.1232,47.9993],[-71.8926,47.7726],[-72.2397,47.536],[-72.1414,47.4108],[-72.2547,47.2615],[-72.4269,47.2999],[-72.4008,47.3538],[-72.4404,47.4023],[-72.4794,47.3794],[-72.4721,47.335],[-72.5476,47.3097],[-72.5371,47.1837],[-72.7095,47.0618],[-72.9032,47.2156],[-72.949,47.2125],[-73.0182,47.1412],[-73.2498,47.167],[-73.7362,47.4969],[-73.9183,47.4705],[-73.9494,47.385],[-74.5123,47.7615],[-75.5223,47.7642],[-75.5251,49.0],[-74.6763,49.0001],[-74.5839,48.9631],[-74.5114,49.0]]]}},{"type":"Feature","id":"2491","properties":{"name":"Le Domaine-du-Roy","st":"24"},"geometry":{"type":"Polygon","coordinates":[[[-73.659,50.0244],[-73.6868,49.9344],[-73.6591,49.9062],[-73.5629,49.9109],[-73.5744,49.7429],[-73.4717,49.7002],[-73.4753,49.5448],[-73.3708,49.5732],[-73.3385,49.5285],[-73.4018,49.3579],[-73.3436,49.3105],[-73.3611,49.2047],[-73.2324,49.1938],[-73.142,49.1511],[-73.0592,48.9595],[-72.8663,48.8711],[-72.6952,48.8512],[-72.6361,48.7684],[-72.5879,48.7829],[-72.5294,48.7527],[-72.324,48.8523],[-72.2717,48.8064],[-72.3367,48.7645],[-72.3225,48.678],[-72.1021,48.7308],[-71.9769,48.389],[-71.9023,48.3671],[-71.9274,48.3043],[-71.8843,48.2976],[-71.9088,48.2415],[-71.9582,48.2502],[-71.886,48.1447],[-72.0497,48.0032],[-73.0164,47.9987],[-74.4439,48.9293],[-74.3306,48.9317],[-74.2436,49.1398],[-74.2432,49.2871],[-74.314,49.2608],[-74.3751,49.319],[-74.4303,49.3256],[-74.3919,49.4719],[-74.2603,49.512],[-74.1948,49.6562],[-74.1232,49.6924],[-74.0718,49.7849],[-73.9581,49.8412],[-73.8548,50.0129],[-73.659,50.0244]]]}},{"type":"Feature","id":"2492","properties":{"name":"Maria-Chapdelaine","st":"24"},"geometry":{"type":"Polygon","coordinates":[[[-70.882,52.2798],[-70.8376,52.27],[-71.0955,52.1168],[-71.3068,51.795],[-71.3127,51.715],[-71.4327,51.6104],[-71.4703,51.3892],[-71.4422,51.3011],[-71.5079,51.2313],[-71.3304,51.0231],[-71.3466,50.9326],[-71.2836,50.8353],[-71.3214,50.7446],[-71.2432,50.5968],[-71.3594,50.4182],[-71.35,50.3316],[-71.2872,50.2753],[-71.2845,50.1511],[-71.1973,50.022],[-71.2667,49.8901],[-71.1593,49.8269],[-71.2119,49.5381],[-71.1697,49.4884],[-71.2581,49.2829],[-71.273,49.1036],[-71.5098,48.7733],[-71.6801,48.7637],[-71.777,48.8478],[-71.7399,48.9265],[-71.8622,48.9633],[-71.9051,48.8586],[-71.772,48.8342],[-71.856,48.7435],[-71.9258,48.7263],[-72.0611,48.76],[-72.3225,48.678],[-72.3367,48.7645],[-72.2717,48.8064],[-72.324,48.8523],[-72.5294,48.7527],[-72.5879,48.7829],[-72.6361,48.7684],[-72.6952,48.8512],[-72.8663,48.8711],[-73.0592,48.9595],[-73.142,49.1511],[-73.3664,49.2096],[-73.3436,49.3105],[-73.4018,49.3579],[-73.3385,49.5285],[-73.3708,49.5732],[-73.4753,49.5448],[-73.4717,49.7002],[-73.5744,49.7429],[-73.5629,49.9109],[-73.6591,49.9062],[-73.6868,49.9344],[-73.6588,50.0246],[-73.8153,50.0261],[-73.7911,50.1793],[-73.7495,50.2345],[-73.6855,50.2116],[-73.588,50.4194],[-73.5778,50.3538],[-73.4889,50.4064],[-73.4609,50.3742],[-73.2534,50.6819],[-73.1527,50.7471],[-73.0822,50.7325],[-73.0834,50.6907],[-73.0378,50.6999],[-73.0511,50.6541],[-72.9368,50.7129],[-72.938,50.7595],[-72.8721,50.8072],[-72.7508,50.8221],[-72.7311,50.7639],[-72.6971,50.7765],[-72.6732,50.7477],[-72.5654,50.8925],[-72.5406,50.8076],[-72.5735,50.7472],[-72.5314,50.7426],[-72.4283,50.7865],[-72.2214,51.026],[-72.1551,50.9803],[-72.1053,51.1274],[-72.0692,51.1509],[-72.0176,51.1368],[-72.0397,51.162],[-71.9893,51.2295],[-71.8735,51.2781],[-71.8643,51.3492],[-71.8291,51.3771],[-71.7491,51.3505],[-71.6654,51.4772],[-71.5835,51.5004],[-71.6132,51.6591],[-71.5711,51.8138],[-71.3886,51.8464],[-71.3151,51.9669],[-71.2099,52.0258],[-71.2685,52.0462],[-71.1404,52.17],[-70.882,52.2798]]]}},{"type":"Feature","id":"2493","properties":{"name":"Lac-Saint-Jean-Est","st":"24"},"geometry":{"type":"Polygon","coordinates":[[[-71.8622,48.9633],[-71.7399,48.926],[-71.7689,48.8327],[-71.6569,48.7543],[-71.5579,48.786],[-71.5098,48.7733],[-71.4613,48.8495],[-71.321,48.7718],[-71.3729,48.7806],[-71.4833,48.5134],[-71.5454,48.5168],[-71.5772,48.3912],[-71.54,48.3499],[-71.571,48.3475],[-71.6399,48.1875],[-71.3798,47.9503],[-72.0739,47.9502],[-72.1232,47.9993],[-72.0497,48.0032],[-72.0469,48.0317],[-71.9736,48.052],[-71.8809,48.1632],[-71.9582,48.2502],[-71.9088,48.2415],[-71.9023,48.3671],[-71.9769,48.389],[-72.1057,48.7416],[-72.0588,48.7601],[-71.9258,48.7263],[-71.856,48.7435],[-71.772,48.8342],[-71.9051,48.8586],[-71.8622,48.9633]]]}},{"type":"Feature","id":"2494","properties":{"name":"Le Saguenay-et-son-Fjord","st":"24"},"geometry":{"type":"Polygon","coordinates":[[[-70.0239,52.6964],[-70.0085,48.358],[-70.0788,48.2561],[-69.894,48.2265],[-69.8708,48.1816],[-69.9567,48.0575],[-70.1723,48.1248],[-70.2594,48.0],[-71.4269,48.0],[-71.6399,48.1875],[-71.571,48.3475],[-71.54,48.3499],[-71.5772,48.3912],[-71.5454,48.5168],[-71.4833,48.5134],[-71.3729,48.7806],[-71.321,48.7718],[-71.461,48.8534],[-71.273,49.1036],[-71.2581,49.2829],[-71.1697,49.4884],[-71.2119,49.5381],[-71.1593,49.8269],[-71.2667,49.8901],[-71.1973,50.022],[-71.2845,50.1511],[-71.2872,50.2753],[-71.35,50.3316],[-71.3594,50.4182],[-71.2432,50.5968],[-71.3214,50.7446],[-71.2836,50.8353],[-71.3466,50.9326],[-71.3304,51.0231],[-71.5079,51.2313],[-71.4422,51.3011],[-71.4703,51.3892],[-71.4327,51.6104],[-71.3127,51.715],[-71.302,51.8038],[-71.0656,52.14],[-70.8612,52.2645],[-70.8097,52.2727],[-70.7991,52.2339],[-70.562,52.3166],[-70.4857,52.3042],[-70.2918,52.3485],[-70.2317,52.4175],[-70.2814,52.4256],[-70.1584,52.5543],[-70.1753,52.5944],[-70.0239,52.6964]]]}},{"type":"Feature","id":"2495","properties":{"name":"La Haute-C\u00f4te-Nord","st":"24"},"geometry":{"type":"Polygon","coordinates":[[[-69.5392,49.9503],[-69.4402,49.9073],[-69.4782,49.8937],[-69.4003,49.764],[-69.272,49.7629],[-69.2672,49.666],[-69.1433,49.5998],[-69.1461,49.0829],[-68.8722,49.0812],[-68.8744,49.0358],[-68.7855,49.0582],[-68.7695,49.0058],[-68.7044,48.9887],[-68.7637,48.9413],[-68.6172,48.9293],[-68.335,48.8111],[-68.9323,48.5002],[-69.5363,48.0561],[-69.8424,48.1543],[-69.894,48.2265],[-70.0788,48.2561],[-70.0085,48.358],[-70.0349,50.0],[-69.5114,50.0],[-69.5392,49.9503]]]}},{"type":"Feature","id":"2496","properties":{"name":"Manicouagan","st":"24"},"geometry":{"type":"Polygon","coordinates":[[[-67.9223,51.4846],[-67.8535,51.3959],[-67.9238,51.2997],[-67.8687,51.2865],[-67.8305,51.233],[-67.8578,51.1926],[-67.6447,51.0084],[-67.6932,50.9096],[-67.7371,50.9225],[-67.7062,50.8961],[-67.7466,50.8302],[-67.7206,50.7419],[-67.7737,50.7066],[-67.7506,50.6057],[-67.8237,50.5588],[-67.8323,50.5021],[-67.7854,50.4999],[-67.6146,50.0383],[-67.7199,49.9724],[-67.7394,49.8745],[-67.6612,49.8973],[-67.5162,49.8259],[-67.51,49.7998],[-67.556,49.7891],[-67.5331,49.7573],[-67.6111,49.7069],[-67.5837,49.5898],[-66.5661,49.5879],[-67.0963,49.205],[-67.2501,49.1393],[-67.8407,49.0725],[-68.335,48.8111],[-68.6172,48.9293],[-68.7637,48.9413],[-68.7044,48.9887],[-68.7695,49.0058],[-68.7855,49.0582],[-68.8744,49.0358],[-68.8722,49.0812],[-69.1461,49.0829],[-69.1433,49.5998],[-69.2672,49.666],[-69.272,49.7629],[-69.3274,49.7533],[-69.3608,49.7795],[-69.3907,49.7609],[-69.4277,49.7906],[-69.4782,49.8937],[-69.4402,49.9073],[-69.5392,49.9503],[-69.5114,50.0],[-70.0256,50.0],[-70.0249,51.5625],[-67.9248,51.5635],[-67.9223,51.4846]]]}},{"type":"Feature","id":"2497","properties":{"name":"Sept-Rivi\u00e8res--Caniapiscau","st":"24"},"geometry":{"type":"MultiPolygon","coordinates":[[[[-66.766,55.0],[-66.6199,54.7873],[-66.6594,54.7702],[-66.74,54.8091],[-66.6725,54.7082],[-66.8757,54.816],[-66.927,54.8022],[-67.2192,55.0],[-66.766,55.0]]],[[[-63.5576,54.9999],[-63.5914,54.8966],[-63.8205,54.948],[-63.8527,54.8761],[-63.8172,54.8169],[-63.924,54.7784],[-63.803,54.7256],[-63.7126,54.625],[-63.8134,54.6508],[-63.8979,54.6007],[-63.9744,54.6201],[-64.0543,54.6009],[-64.1073,54.6132],[-64.1776,54.7214],[-64.2882,54.731],[-64.3975,54.7905],[-64.4959,54.7906],[-64.4748,54.7522],[-64.5342,54.7618],[-64.5569,54.7137],[-64.7697,54.7301],[-64.801,54.7558],[-64.7523,54.7673],[-64.7611,54.8295],[-64.8615,54.841],[-64.8484,54.8763],[-64.915,54.92],[-65.0858,54.9696],[-65.1803,54.9308],[-65.2096,54.848],[-65.2827,54.8444],[-65.2963,54.8176],[-65.3358,54.852],[-65.3558,54.8188],[-65.4873,54.8344],[-65.4346,54.7842],[-65.4555,54.7286],[-65.647,54.7532],[-65.6932,54.7082],[-65.8506,54.8508],[-65.8498,54.9272],[-66.0312,54.9425],[-66.0484,54.9204],[-66.1436,54.9823],[-66.2423,54.9745],[-66.2594,54.9997],[-63.5576,54.9999]]],[[[-67.4225,55.0001],[-67.0715,54.6737],[-67.1758,54.6095],[-67.2349,54.6123],[-67.2328,54.5844],[-67.2803,54.5918],[-67.3027,54.5559],[-67.2268,54.5196],[-67.2726,54.4866],[-67.4917,54.5849],[-67.5269,54.571],[-67.4737,54.5304],[-67.5004,54.4815],[-67.5817,54.4941],[-67.6095,54.4658],[-67.6481,54.5096],[-67.6678,54.4538],[-67.7723,54.4417],[-67.7247,54.3869],[-67.748,54.3503],[-67.6764,54.3185],[-67.6808,54.247],[-67.6156,54.1958],[-67.6444,54.1608],[-67.765,54.157],[-67.8103,54.1281],[-67.7581,54.0916],[-67.8206,54.02],[-67.6813,53.9719],[-67.6626,53.9281],[-67.5963,53.9217],[-67.5691,53.8411],[-67.4978,53.8367],[-67.6022,53.7955],[-67.5573,53.7803],[-67.6033,53.7627],[-67.5,53.7573],[-67.516,53.7287],[-67.4651,53.7089],[-67.4178,53.7251],[-67.3947,53.6147],[-67.3135,53.5842],[-67.3187,53.553],[-67.0359,53.5288],[-66.9958,53.4642],[-66.9379,53.4731],[-66.8901,53.4131],[-67.0271,53.3346],[-66.9534,53.2904],[-66.9596,53.1817],[-67.0135,53.16],[-66.9587,53.1371],[-66.9895,53.0844],[-67.0685,53.0789],[-67.0489,53.1395],[-67.1162,53.1051],[-67.263,53.1813],[-67.3428,53.1177],[-67.3854,53.132],[-67.3634,52.9962],[-67.2445,52.9795],[-67.3327,52.9598],[-67.3419,52.8962],[-67.1611,52.8175],[-67.1495,52.8544],[-67.0632,52.8755],[-67.0343,52.747],[-66.9493,52.7596],[-66.8945,52.6767],[-66.8509,52.6748],[-66.8976,52.7274],[-66.8557,52.7173],[-66.8599,52.7684],[-66.7647,52.6662],[-66.7868,52.7974],[-66.7194,52.7636],[-66.6471,52.7836],[-66.6256,52.9542],[-66.5008,52.9464],[-66.4592,53.0552],[-66.3703,53.0248],[-66.2578,52.8691],[-66.2832,52.8334],[-66.3794,52.8775],[-66.4163,52.8583],[-66.3815,52.7944],[-66.3443,52.7954],[-66.3083,52.7286],[-66.3388,52.6846],[-66.2799,52.6174],[-66.3093,52.6046],[-66.3887,52.6823],[-66.4403,52.6364],[-66.3657,52.5562],[-66.3992,52.5288],[-66.344,52.3604],[-66.4199,52.383],[-66.4905,52.3416],[-66.4329,52.2662],[-66.4704,52.2557],[-66.3568,52.1766],[-66.3764,52.1528],[-66.3236,52.1318],[-66.2679,52.1504],[-66.3126,52.2855],[-66.2667,52.3101],[-66.2008,52.227],[-66.0979,52.1955],[-66.0926,52.0866],[-65.9962,52.0547],[-65.9613,52.1046],[-65.8977,52.0761],[-65.877,52.1104],[-65.8053,52.1186],[-65.7339,52.0829],[-65.6683,52.1173],[-65.6502,51.9868],[-65.6205,52.043],[-65.5399,52.0446],[-65.5,52.1103],[-65.5,50.3697],[-65.548,50.3624],[-65.5723,49.8083],[-65.7086,49.69],[-66.1089,49.7054],[-66.5664,49.5879],[-67.5837,49.5898],[-67.6111,49.7069],[-67.5331,49.7573],[-67.556,49.7891],[-67.51,49.7998],[-67.5162,49.8259],[-67.6612,49.8973],[-67.7394,49.8745],[-67.7199,49.9724],[-67.6146,50.0383],[-67.7854,50.4999],[-67.8323,50.5021],[-67.8237,50.5588],[-67.7506,50.6057],[-67.7737,50.7066],[-67.7206,50.7419],[-67.7466,50.8302],[-67.7062,50.8961],[-67.7371,50.9225],[-67.722,50.9285],[-67.7074,50.9052],[-67.6932,50.9096],[-67.6447,51.0084],[-67.8578,51.1926],[-67.8305,51.233],[-67.8687,51.2865],[-67.9238,51.2997],[-67.8535,51.3959],[-67.8766,51.4488],[-67.9212,51.4493],[-67.9248,51.5635],[-70.0249,51.5625],[-70.0,55.0],[-67.4225,55.0001]]]]}},{"type":"Feature","id":"2498","properties":{"name":"Minganie--Le Golfe-du-Saint-Laurent","st":"24"},"geometry":{"type":"Polygon","coordinates":[[[-57.1078,51.9985],[-57.1096,51.2872],[-58.0006,51.0937],[-58.4095,51.0678],[-58.703,50.7387],[-58.9574,50.542],[-60.1504,49.9925],[-60.8944,49.4821],[-61.6961,49.0108],[-62.4767,49.036],[-63.279,49.1602],[-63.5761,49.218],[-63.9999,49.5124],[-64.3194,49.5645],[-64.7781,49.5549],[-65.2023,49.6618],[-65.7086,49.69],[-65.5723,49.8083],[-65.548,50.3624],[-65.5,50.3697],[-65.5,52.1103],[-65.4562,52.0111],[-65.3998,51.9656],[-65.3591,51.9811],[-65.3995,51.9019],[-65.3598,51.8228],[-65.2835,51.8738],[-65.2602,51.824],[-65.1696,51.8221],[-65.1804,51.7656],[-65.0912,51.746],[-65.01,51.7651],[-64.9509,51.7154],[-64.9098,51.7367],[-64.9247,51.7779],[-64.7098,51.756],[-64.5485,51.5739],[-64.423,51.6761],[-64.3371,51.6653],[-64.274,51.7423],[-64.3527,51.8493],[-64.361,52.0055],[-64.2371,51.978],[-64.2919,52.0776],[-64.2515,52.0797],[-64.2499,52.1447],[-64.1664,52.1161],[-64.2466,52.2754],[-64.2162,52.313],[-64.1916,52.2897],[-64.1695,52.3067],[-64.1661,52.3644],[-64.1092,52.3941],[-64.1519,52.5199],[-64.2257,52.582],[-64.1546,52.6034],[-64.1405,52.7267],[-63.9374,52.731],[-63.8729,52.774],[-63.7215,52.7703],[-63.7175,52.8015],[-63.6441,52.8238],[-63.6766,52.8521],[-63.61,52.8442],[-63.6199,52.8774],[-63.5849,52.8414],[-63.6175,52.7711],[-63.3803,52.6622],[-63.9502,52.6069],[-64.0458,52.5603],[-64.0973,52.4731],[-64.013,52.363],[-63.7445,52.3152],[-63.836,52.3136],[-63.7484,52.2581],[-63.6887,52.1351],[-63.7089,52.0841],[-63.6424,52.047],[-63.8271,52.0855],[-63.8015,51.9978],[-60.4417,51.9965],[-57.1078,51.9985]]]}},{"type":"Feature","id":"2499","properties":{"name":"Nord-du-Qu\u00e9bec","st":"24"},"geometry":{"type":"Polygon","coordinates":[[[-72.9166,62.175],[-72.6127,62.1236],[-72.5799,61.9511],[-72.4438,61.8981],[-72.2111,61.8752],[-72.1123,61.7979],[-72.2155,61.7703],[-72.2091,61.7433],[-72.1131,61.7682],[-71.5049,61.6176],[-71.5582,61.4024],[-71.6522,61.306],[-71.4318,61.2278],[-71.3944,61.1832],[-70.6405,61.0582],[-70.3215,61.1054],[-70.1294,61.0957],[-70.0906,61.0585],[-70.1459,61.0103],[-70.0504,60.8782],[-69.9078,60.8169],[-69.7385,60.9419],[-69.6649,61.0632],[-69.5895,61.088],[-69.4754,61.0634],[-69.2709,60.853],[-69.3802,60.7668],[-69.635,60.6812],[-69.606,60.59],[-69.7075,60.4637],[-69.6607,60.3234],[-69.538,60.2105],[-69.5861,59.9841],[-69.4721,59.8475],[-69.4695,59.4955],[-69.2297,59.3563],[-69.2008,59.2252],[-68.9152,58.9831],[-68.7975,58.948],[-68.4117,58.9253],[-68.2575,58.8367],[-68.2566,58.6414],[-68.2096,58.6014],[-67.9593,58.5949],[-67.719,58.5233],[-67.6429,58.4416],[-67.674,58.2839],[-67.6109,58.2662],[-67.1367,58.4656],[-66.8266,58.5318],[-66.6841,58.5996],[-66.522,58.7576],[-66.4854,58.8785],[-66.1514,58.8775],[-65.9284,58.9551],[-65.9549,59.3114],[-65.5922,59.528],[-65.5793,59.7648],[-65.2551,59.938],[-65.172,60.0689],[-65.0727,60.0652],[-65.072,60.1098],[-64.9333,60.2014],[-64.9654,60.2574],[-64.8524,60.31],[-64.8582,60.371],[-64.7277,60.3663],[-64.5175,60.3044],[-64.7074,60.3033],[-64.8623,60.2585],[-64.7456,60.1686],[-64.6025,60.167],[-64.5937,60.117],[-64.7673,60.1084],[-64.708,60.0846],[-64.7427,60.0561],[-64.9236,60.0615],[-64.8402,59.9703],[-64.7471,59.9745],[-64.6268,59.9303],[-64.8252,59.8256],[-64.8102,59.7297],[-64.7494,59.7172],[-64.8895,59.6622],[-64.8598,59.5915],[-64.9271,59.5932],[-64.9394,59.567],[-64.8396,59.5533],[-64.6798,59.4469],[-64.4338,59.542],[-64.3241,59.5128],[-64.5116,59.423],[-64.4607,59.4122],[-64.5283,59.3956],[-64.4933,59.3496],[-64.5435,59.3104],[-64.4886,59.2571],[-64.498,59.1064],[-64.376,59.0926],[-64.2618,59.013],[-64.4603,58.9815],[-64.4978,59.0194],[-64.5228,59.0026],[-64.6703,59.0386],[-64.6833,59.0747],[-64.7792,59.075],[-64.865,59.0154],[-64.8329,58.9564],[-64.8891,58.9384],[-64.8207,58.9169],[-64.7307,58.9508],[-64.6517,58.9438],[-64.5502,58.8875],[-64.2876,58.8968],[-64.2337,58.8641],[-64.2297,58.7836],[-64.1788,58.789],[-64.1378,58.7462],[-64.0453,58.8104],[-63.8622,58.832],[-63.71,58.8871],[-63.5508,58.8366],[-63.4675,58.762],[-63.6298,58.7146],[-63.91,58.7103],[-63.9503,58.6852],[-64.0472,58.7026],[-64.1049,58.5632],[-64.0341,58.5235],[-63.8871,58.5717],[-63.8079,58.4897],[-63.8811,58.4294],[-63.9866,58.4444],[-64.0305,58.366],[-64.1585,58.371],[-64.2178,58.2477],[-64.4217,58.1867],[-64.4354,58.0984],[-64.4123,58.0612],[-64.2185,58.037],[-64.072,57.77],[-64.026,57.7644],[-64.0209,57.8095],[-63.9124,57.8011],[-63.8834,57.7126],[-63.8042,57.6845],[-63.7536,57.7207],[-63.6926,57.6527],[-63.6681,57.7239],[-63.5968,57.7412],[-63.623,57.642],[-63.7456,57.5795],[-63.7719,57.5924],[-63.7613,57.4393],[-63.7164,57.4382],[-63.7013,57.3683],[-63.8558,57.3343],[-63.8834,57.2776],[-63.8841,57.1963],[-63.8091,57.2622],[-63.7371,57.2216],[-63.8118,57.0789],[-63.8901,57.0861],[-63.8578,56.9992],[-63.9141,56.9776],[-63.9181,56.9042],[-63.8592,56.8687],[-64.0035,56.8617],[-64.0128,56.7787],[-64.0789,56.767],[-64.1453,56.6998],[-64.0908,56.6538],[-64.0249,56.653],[-64.0505,56.6063],[-63.9311,56.5338],[-63.9306,56.4662],[-63.8742,56.442],[-63.993,56.4082],[-64.178,56.4252],[-64.1154,56.4021],[-64.0982,56.3336],[-64.1486,56.3034],[-64.0874,56.2569],[-63.9349,56.2711],[-63.8629,56.2126],[-64.036,56.1549],[-64.0021,56.1027],[-64.0347,56.0701],[-63.8562,56.1371],[-63.8876,56.0929],[-63.8111,56.0846],[-63.8379,56.045],[-63.7148,56.0717],[-63.6367,56.0235],[-63.4435,56.0295],[-63.472,55.9878],[-63.563,56.0059],[-63.724,55.9305],[-63.8544,55.91],[-63.7529,55.8465],[-63.7684,55.79],[-63.6665,55.7878],[-63.7258,55.7382],[-63.7049,55.6786],[-63.7646,55.6516],[-63.6437,55.6416],[-63.6877,55.6255],[-63.6915,55.5087],[-63.7927,55.4672],[-63.6654,55.4231],[-63.3198,55.4118],[-63.3248,55.366],[-63.5744,55.3396],[-63.5908,55.3207],[-63.5226,55.3099],[-63.6795,55.2669],[-63.5474,55.2255],[-63.4026,55.2578],[-63.4526,55.2019],[-63.5629,55.1876],[-63.5239,55.1681],[-63.6023,55.1287],[-63.6161,55.0689],[-63.5564,55.0344],[-63.6061,55.0084],[-63.5588,55.0001],[-66.2594,54.9997],[-66.4953,55.2051],[-66.618,55.2782],[-66.6586,55.2551],[-66.8078,55.3567],[-66.8237,55.307],[-66.6704,55.1775],[-66.7552,55.215],[-66.7887,55.1184],[-66.6949,55.0695],[-66.7536,55.0906],[-66.6481,54.9771],[-66.7474,55.0094],[-67.2192,55.0],[-67.2728,55.0242],[-67.234,55.0512],[-67.2631,55.0719],[-67.3684,55.0913],[-67.4688,55.0573],[-67.4225,55.0001],[-70.0,55.0],[-70.0,52.9184],[-70.0239,52.6964],[-70.1753,52.5944],[-70.1584,52.5543],[-70.2835,52.4213],[-70.2317,52.4175],[-70.2705,52.3616],[-70.4857,52.3042],[-70.562,52.3166],[-70.7991,52.2339],[-70.8097,52.2727],[-70.882,52.2798],[-70.9208,52.2437],[-71.0812,52.213],[-71.2626,52.0545],[-71.2099,52.0258],[-71.3151,51.9669],[-71.378,51.8545],[-71.5711,51.8138],[-71.6132,51.6591],[-71.5835,51.5004],[-71.6654,51.4772],[-71.7491,51.3505],[-71.8291,51.3771],[-71.8643,51.3492],[-71.8735,51.2781],[-71.9893,51.2295],[-72.0397,51.162],[-72.0176,51.1368],[-72.0692,51.1509],[-72.1053,51.1274],[-72.1551,50.9803],[-72.2214,51.026],[-72.4283,50.7865],[-72.5725,50.7441],[-72.5406,50.8076],[-72.5654,50.8925],[-72.6526,50.757],[-72.7311,50.7639],[-72.7537,50.8228],[-72.8721,50.8072],[-72.938,50.7595],[-72.9368,50.7129],[-73.0511,50.6541],[-73.0378,50.6999],[-73.0834,50.6907],[-73.0773,50.7281],[-73.1455,50.7498],[-73.2534,50.6819],[-73.4609,50.3742],[-73.4889,50.4064],[-73.5778,50.3538],[-73.588,50.4194],[-73.6855,50.2116],[-73.7453,50.2357],[-73.7721,50.2163],[-73.7856,50.0743],[-73.9225,49.8818],[-74.1773,49.6767],[-74.2603,49.512],[-74.3919,49.4719],[-74.4255,49.3193],[-74.3751,49.319],[-74.314,49.2608],[-74.2407,49.2835],[-74.2436,49.1398],[-74.3361,48.9286],[-74.4439,48.9293],[-74.4298,48.9573],[-74.5114,49.0],[-74.5839,48.9631],[-74.6763,49.0001],[-77.25,49.0],[-79.5181,49.0081],[-79.5158,51.4607],[-79.5827,51.5301],[-79.5814,51.593],[-79.4652,51.6692],[-79.2986,51.6932],[-78.9602,51.459],[-78.823,51.4693],[-78.8596,51.5875],[-79.0593,51.7681],[-78.9255,51.8423],[-78.8923,51.9595],[-78.8474,51.9471],[-78.771,51.9807],[-78.5896,52.1471],[-78.5842,52.2897],[-78.5214,52.3321],[-78.5574,52.4379],[-78.6265,52.4546],[-78.5949,52.5021],[-78.7713,52.5389],[-78.7385,52.6124],[-78.8164,52.6405],[-78.7313,52.6694],[-78.8294,52.6764],[-78.7927,52.7127],[-78.8804,52.7409],[-78.8387,52.7817],[-78.7698,52.7833],[-78.803,52.8104],[-78.7585,52.8441],[-78.8703,52.8579],[-78.9232,52.9118],[-78.8438,52.9795],[-78.9975,53.0135],[-78.9466,53.1402],[-78.977,53.1699],[-78.9086,53.2277],[-78.9902,53.2705],[-78.9595,53.3168],[-79.0038,53.3239],[-78.9933,53.3886],[-79.0632,53.4055],[-79.0423,53.4368],[-79.0701,53.4268],[-79.1386,53.5005],[-79.0338,53.5347],[-79.0293,53.5698],[-79.0767,53.5886],[-79.0526,53.68],[-79.1592,53.6941],[-79.0906,53.7138],[-79.0365,53.7854],[-79.0829,53.7865],[-79.044,53.8096],[-79.0572,53.874],[-79.1144,53.8917],[-78.9852,53.8999],[-79.155,53.9482],[-79.0402,53.9347],[-79.1069,53.9497],[-79.038,53.9665],[-79.1025,53.9696],[-78.9636,54.005],[-79.3486,54.0735],[-79.5158,54.1425],[-79.5099,54.4244],[-79.7708,54.6261],[-79.4494,54.7592],[-79.4561,54.7386],[-78.9802,54.8329],[-78.8929,54.8951],[-78.3166,55.042],[-78.1817,55.1268],[-77.7888,55.269],[-77.1153,55.6673],[-77.0805,55.7209],[-77.1976,55.6677],[-76.8302,55.9299],[-76.7985,56.0011],[-76.6907,56.048],[-76.6417,56.1467],[-76.6707,56.1938],[-76.6148,56.2029],[-76.5272,56.3795],[-76.5579,56.5554],[-76.5189,56.7865],[-76.6341,57.2599],[-76.9049,57.7054],[-77.2128,57.9971],[-77.1918,58.0183],[-77.5437,58.1589],[-77.6456,58.2357],[-78.0463,58.3636],[-78.6226,58.614],[-78.6509,58.8125],[-78.5598,58.8632],[-78.5788,58.9171],[-78.297,59.0733],[-78.1994,59.1935],[-78.0382,59.2368],[-78.0386,59.2823],[-77.9391,59.3433],[-77.9942,59.4314],[-77.8691,59.5545],[-77.8545,59.7292],[-77.7455,59.7658],[-77.5973,59.7577],[-77.4702,59.8903],[-77.6557,60.0495],[-77.658,60.0993],[-77.5673,60.1562],[-77.6548,60.2383],[-77.658,60.3201],[-77.7956,60.3882],[-77.7628,60.4611],[-77.9111,60.5806],[-77.8706,60.6653],[-78.0926,60.7933],[-78.0734,60.8164],[-78.2268,60.7843],[-78.1261,60.9249],[-77.8586,61.0725],[-77.7964,61.2103],[-77.8508,61.5673],[-78.0483,61.7345],[-78.1782,61.9891],[-78.224,62.2626],[-78.1139,62.3685],[-78.0325,62.3689],[-77.9502,62.4304],[-77.735,62.4774],[-77.5155,62.5936],[-76.7749,62.529],[-75.7591,62.3188],[-75.5,62.2913],[-75.3575,62.3268],[-74.8085,62.2508],[-74.3774,62.2798],[-74.1561,62.3621],[-74.0,62.3788],[-73.8565,62.4723],[-73.6714,62.4907],[-73.5263,62.4056],[-73.1686,62.3123],[-73.1333,62.25],[-72.9166,62.175]]]}},{"type":"Feature","id":"3501","properties":{"name":"Stormont, Dundas and Glengarry","st":"35"},"geometry":{"type":"Polygon","coordinates":[[[-74.4879,45.406],[-74.4384,45.3938],[-74.4719,45.3027],[-74.3204,45.1869],[-74.4417,45.1308],[-74.493,45.0661],[-74.7309,44.9905],[-74.8265,45.0159],[-74.9928,44.9775],[-75.3579,44.7977],[-75.5948,45.0846],[-75.2015,45.2398],[-75.1921,45.2214],[-74.9935,45.2769],[-75.0171,45.3157],[-74.8839,45.3512],[-74.5809,45.5089],[-74.4879,45.406]]]}},{"type":"Feature","id":"3502","properties":{"name":"Prescott and Russell","st":"35"},"geometry":{"type":"Polygon","coordinates":[[[-74.6254,45.6344],[-74.3809,45.5659],[-74.4384,45.3938],[-74.494,45.4075],[-74.5809,45.5089],[-74.8839,45.3512],[-75.0171,45.3157],[-74.9935,45.2769],[-75.3532,45.1821],[-75.4259,45.3125],[-75.2459,45.3646],[-75.3425,45.537],[-75.2364,45.5869],[-75.0219,45.5973],[-74.9368,45.645],[-74.6254,45.6344]]]}},{"type":"Feature","id":"3506","properties":{"name":"Ottawa","st":"35"},"geometry":{"type":"Polygon","coordinates":[[[-75.3453,45.5368],[-75.2459,45.3646],[-75.4259,45.3125],[-75.3532,45.1821],[-75.595,45.0843],[-75.6286,45.1255],[-75.643,45.0679],[-75.8195,44.9622],[-76.354,45.4106],[-76.201,45.5189],[-75.9872,45.4796],[-75.8178,45.3727],[-75.6776,45.4608],[-75.3453,45.5368]]]}},{"type":"Feature","id":"3507","properties":{"name":"Leeds and Grenville","st":"35"},"geometry":{"type":"Polygon","coordinates":[[[-75.6286,45.1255],[-75.3572,44.7981],[-75.7669,44.5153],[-75.9128,44.3678],[-76.1618,44.2807],[-76.2335,44.3052],[-76.2548,44.498],[-76.5257,44.7212],[-76.4023,44.7946],[-76.2912,44.7041],[-76.1765,44.8322],[-76.0729,44.893],[-75.8872,44.87],[-75.8101,44.9767],[-75.6447,45.0665],[-75.6286,45.1255]]]}},{"type":"Feature","id":"3509","properties":{"name":"Lanark","st":"35"},"geometry":{"type":"Polygon","coordinates":[[[-76.354,45.4106],[-75.8195,44.9622],[-75.8317,44.9265],[-75.8912,44.8689],[-76.0729,44.893],[-76.1765,44.8322],[-76.2879,44.7049],[-76.4023,44.7946],[-76.5318,44.7175],[-76.7698,45.1423],[-76.354,45.4106]]]}},{"type":"Feature","id":"3510","properties":{"name":"Frontenac","st":"35"},"geometry":{"type":"Polygon","coordinates":[[[-76.8147,45.2214],[-76.5318,44.7175],[-76.2548,44.498],[-76.2335,44.3052],[-76.1618,44.2807],[-76.1643,44.2399],[-76.3126,44.1991],[-76.5002,44.0152],[-76.9246,44.6385],[-77.0322,44.612],[-77.1182,44.777],[-77.1681,44.7636],[-77.2214,44.9195],[-77.0657,44.9625],[-77.1375,45.0993],[-76.9707,45.1453],[-76.9925,45.1844],[-76.9377,45.2109],[-76.8945,45.1935],[-76.8147,45.2214]]]}},{"type":"Feature","id":"3511","properties":{"name":"Lennox and Addington","st":"35"},"geometry":{"type":"Polygon","coordinates":[[[-77.0706,44.9715],[-77.2214,44.9195],[-77.1763,44.7765],[-77.1182,44.777],[-77.0322,44.612],[-76.9246,44.6385],[-76.5247,44.0552],[-76.7581,44.0111],[-76.8371,44.1327],[-76.9711,44.0571],[-77.0832,44.0623],[-77.0331,44.1885],[-77.1396,44.3985],[-77.0554,44.4199],[-77.2075,44.567],[-77.2883,44.7322],[-77.3138,44.7257],[-77.5414,45.1442],[-77.2158,45.237],[-77.0706,44.9715]]]}},{"type":"Feature","id":"3512","properties":{"name":"Hastings","st":"35"},"geometry":{"type":"Polygon","coordinates":[[[-77.6902,45.4367],[-77.3138,44.7257],[-77.2883,44.7322],[-77.2075,44.567],[-77.0554,44.4199],[-77.1396,44.3985],[-77.0331,44.1885],[-77.2103,44.1476],[-77.3871,44.1471],[-77.5656,44.0786],[-77.6412,43.9929],[-77.7545,44.2387],[-77.6831,44.2631],[-77.64,44.2488],[-77.6462,44.2722],[-78.1785,45.3098],[-77.6902,45.4367]]]}},{"type":"Feature","id":"3513","properties":{"name":"Prince Edward","st":"35"},"geometry":{"type":"Polygon","coordinates":[[[-77.0548,44.1855],[-77.0865,44.0693],[-77.0541,44.0443],[-76.9579,44.0624],[-76.8371,44.1327],[-76.7581,44.0111],[-76.5247,44.0552],[-76.5,44.0152],[-76.5825,43.9094],[-77.0043,43.8036],[-77.2322,43.8066],[-77.566,43.8786],[-77.6279,44.0029],[-77.5045,44.1081],[-77.3871,44.1471],[-77.2103,44.1476],[-77.0548,44.1855]]]}},{"type":"Feature","id":"3514","properties":{"name":"Northumberland","st":"35"},"geometry":{"type":"Polygon","coordinates":[[[-77.7274,44.4365],[-77.64,44.2488],[-77.6831,44.2631],[-77.7545,44.2387],[-77.6412,43.9929],[-77.7491,43.9529],[-77.8826,43.9625],[-78.4297,43.8953],[-78.5087,44.0813],[-78.2203,44.1427],[-78.0818,44.2545],[-77.935,44.3219],[-77.9131,44.3894],[-77.7274,44.4365]]]}},{"type":"Feature","id":"3515","properties":{"name":"Peterborough","st":"35"},"geometry":{"type":"Polygon","coordinates":[[[-77.9554,44.9013],[-77.7274,44.4365],[-77.9131,44.3894],[-77.935,44.3219],[-78.0818,44.2545],[-78.2203,44.1427],[-78.5087,44.0813],[-78.5842,44.253],[-78.4255,44.2904],[-78.6548,44.7939],[-78.141,44.9168],[-78.1189,44.8757],[-77.9554,44.9013]]]}},{"type":"Feature","id":"3516","properties":{"name":"Kawartha Lakes","st":"35"},"geometry":{"type":"Polygon","coordinates":[[[-78.9344,44.9856],[-78.8198,44.7541],[-78.6551,44.7944],[-78.4255,44.2904],[-78.5842,44.253],[-78.5163,44.0988],[-78.6927,44.0584],[-78.7702,44.2274],[-78.8422,44.1692],[-78.8827,44.217],[-78.922,44.1537],[-79.2092,44.8],[-79.0629,44.8401],[-79.1193,44.95],[-78.9344,44.9856]]]}},{"type":"Feature","id":"3518","properties":{"name":"Durham","st":"35"},"geometry":{"type":"Polygon","coordinates":[[[-79.075,44.5001],[-78.922,44.1537],[-78.8827,44.217],[-78.8422,44.1692],[-78.7702,44.2274],[-78.6927,44.0584],[-78.5163,44.0988],[-78.437,43.9119],[-78.7877,43.8693],[-78.7823,43.8358],[-78.9291,43.8515],[-79.1135,43.7938],[-79.1519,43.814],[-79.328,44.2233],[-79.1561,44.2631],[-79.2521,44.4531],[-79.1612,44.4719],[-79.1404,44.5142],[-79.075,44.5001]]]}},{"type":"Feature","id":"3519","properties":{"name":"York","st":"35"},"geometry":{"type":"Polygon","coordinates":[[[-79.2498,44.4539],[-79.1561,44.2631],[-79.328,44.2233],[-79.1702,43.8555],[-79.6393,43.7498],[-79.7755,43.9898],[-79.6239,44.0256],[-79.5569,44.0757],[-79.5141,44.176],[-79.509,44.4224],[-79.2498,44.4539]]]}},{"type":"Feature","id":"3520","properties":{"name":"Toronto","st":"35"},"geometry":{"type":"Polygon","coordinates":[[[-79.1702,43.8555],[-79.1135,43.7938],[-79.3437,43.6108],[-79.4673,43.6332],[-79.523,43.5603],[-79.608,43.6452],[-79.6374,43.7508],[-79.1702,43.8555]]]}},{"type":"Feature","id":"3521","properties":{"name":"Peel","st":"35"},"geometry":{"type":"Polygon","coordinates":[[[-79.7755,43.9898],[-79.5888,43.6646],[-79.6089,43.6464],[-79.523,43.5603],[-79.6162,43.4749],[-79.8047,43.5823],[-79.7884,43.6008],[-80.1441,43.8648],[-80.0826,43.9215],[-79.7755,43.9898]]]}},{"type":"Feature","id":"3522","properties":{"name":"Dufferin","st":"35"},"geometry":{"type":"Polygon","coordinates":[[[-80.034,44.2949],[-79.9512,43.9514],[-80.0826,43.9215],[-80.251,43.7614],[-80.3986,43.856],[-80.4384,44.026],[-80.375,44.0393],[-80.3982,44.1351],[-80.361,44.1674],[-80.4229,44.2],[-80.034,44.2949]]]}},{"type":"Feature","id":"3523","properties":{"name":"Wellington","st":"35"},"geometry":{"type":"Polygon","coordinates":[[[-80.4384,44.026],[-80.3986,43.856],[-80.251,43.7614],[-80.1399,43.8615],[-79.969,43.7345],[-80.1604,43.5611],[-80.0343,43.4711],[-80.0786,43.4181],[-80.2696,43.3873],[-80.3739,43.5327],[-80.3672,43.5694],[-80.5575,43.6896],[-80.608,43.5891],[-80.8737,43.6991],[-80.7605,43.8446],[-80.9544,43.8221],[-80.9918,43.9864],[-80.8358,44.0046],[-80.8269,43.9679],[-80.7543,43.9767],[-80.7473,44.0019],[-80.7163,43.9813],[-80.4384,44.026]]]}},{"type":"Feature","id":"3524","properties":{"name":"Halton","st":"35"},"geometry":{"type":"Polygon","coordinates":[[[-79.969,43.7345],[-79.7884,43.6008],[-79.8102,43.5879],[-79.7782,43.5627],[-79.6162,43.4749],[-79.7932,43.301],[-79.8685,43.2863],[-79.9125,43.3085],[-79.8603,43.3473],[-80.1604,43.5611],[-79.969,43.7345]]]}},{"type":"Feature","id":"3525","properties":{"name":"Hamilton","st":"35"},"geometry":{"type":"Polygon","coordinates":[[[-79.8605,43.3474],[-79.9125,43.3085],[-79.8862,43.2879],[-79.8153,43.3124],[-79.734,43.2456],[-79.6222,43.2262],[-79.6586,43.144],[-79.7098,43.1558],[-79.7541,43.0505],[-80.2004,43.2106],[-80.2485,43.3336],[-80.1876,43.3432],[-80.2047,43.3975],[-80.0786,43.4181],[-80.0343,43.4711],[-79.8605,43.3474]]]}},{"type":"Feature","id":"3526","properties":{"name":"Niagara","st":"35"},"geometry":{"type":"Polygon","coordinates":[[[-79.0547,43.2495],[-79.0425,43.1435],[-79.0767,43.0804],[-79.0074,43.0659],[-79.0203,42.9948],[-78.9196,42.9472],[-78.9061,42.9002],[-78.9354,42.8284],[-79.1416,42.7513],[-79.3315,42.7522],[-79.5115,42.9647],[-79.7541,43.0505],[-79.7098,43.1558],[-79.6586,43.144],[-79.6188,43.2334],[-79.3432,43.1822],[-79.3189,43.2482],[-79.2026,43.23],[-79.1281,43.2605],[-79.0547,43.2495]]]}},{"type":"Feature","id":"3528","properties":{"name":"Haldimand-Norfolk","st":"35"},"geometry":{"type":"Polygon","coordinates":[[[-79.9843,43.132],[-79.5116,42.9648],[-79.3315,42.7522],[-80.0318,42.759],[-80.059,42.6706],[-80.0332,42.5402],[-80.2486,42.5074],[-80.7237,42.5078],[-80.7171,42.7882],[-80.7446,42.824],[-80.7052,42.8546],[-80.5054,42.8841],[-80.5434,42.9849],[-80.2437,43.0321],[-80.0808,42.9727],[-79.9843,43.132]]]}},{"type":"Feature","id":"3529","properties":{"name":"Brant","st":"35"},"geometry":{"type":"Polygon","coordinates":[[[-80.2384,43.3065],[-80.2004,43.2106],[-79.9843,43.132],[-80.0808,42.9727],[-80.2437,43.0321],[-80.5434,42.9849],[-80.6087,43.1516],[-80.4365,43.1794],[-80.4715,43.2668],[-80.2384,43.3065]]]}},{"type":"Feature","id":"3530","properties":{"name":"Waterloo","st":"35"},"geometry":{"type":"Polygon","coordinates":[[[-80.5575,43.6896],[-80.3672,43.5694],[-80.3739,43.5327],[-80.2696,43.3873],[-80.2047,43.3975],[-80.1876,43.3432],[-80.2485,43.3336],[-80.2384,43.3065],[-80.4715,43.2668],[-80.5036,43.3481],[-80.7349,43.311],[-80.7374,43.4077],[-80.869,43.498],[-80.7545,43.6484],[-80.608,43.5891],[-80.5575,43.6896]]]}},{"type":"Feature","id":"3531","properties":{"name":"Perth","st":"35"},"geometry":{"type":"Polygon","coordinates":[[[-80.7605,43.8446],[-80.8737,43.6991],[-80.7545,43.6484],[-80.869,43.498],[-80.7376,43.408],[-80.7358,43.3533],[-81.2245,43.2033],[-81.3637,43.2638],[-81.2868,43.3561],[-81.443,43.4241],[-81.3498,43.5346],[-81.2846,43.5062],[-81.1831,43.6287],[-81.1474,43.614],[-81.0312,43.7635],[-81.0863,43.8063],[-80.7605,43.8446]]]}},{"type":"Feature","id":"3532","properties":{"name":"Oxford","st":"35"},"geometry":{"type":"Polygon","coordinates":[[[-80.5036,43.3481],[-80.4365,43.1794],[-80.6087,43.1516],[-80.5054,42.8841],[-80.7052,42.8546],[-80.7446,42.824],[-80.7618,42.8465],[-80.877,42.8296],[-80.923,43.0008],[-80.9936,42.9925],[-81.1322,43.2315],[-80.7358,43.3533],[-80.7349,43.311],[-80.5036,43.3481]]]}},{"type":"Feature","id":"3534","properties":{"name":"Elgin","st":"35"},"geometry":{"type":"Polygon","coordinates":[[[-80.8987,42.9126],[-80.877,42.8296],[-80.7618,42.8465],[-80.7171,42.7882],[-80.7237,42.5078],[-81.1358,42.5268],[-81.5025,42.5013],[-81.5013,42.3356],[-81.8347,42.608],[-81.7369,42.6616],[-81.7021,42.6389],[-81.6858,42.6966],[-81.6284,42.6831],[-81.5691,42.7465],[-81.4737,42.7533],[-81.4814,42.7838],[-81.4194,42.7743],[-81.4331,42.7953],[-81.1148,42.8706],[-81.1197,42.8908],[-80.8987,42.9126]]]}},{"type":"Feature","id":"3536","properties":{"name":"Chatham-Kent","st":"35"},"geometry":{"type":"Polygon","coordinates":[[[-81.8351,42.6491],[-81.834,42.607],[-81.6242,42.4359],[-81.8105,42.3076],[-81.7808,42.2652],[-82.0468,42.25],[-82.4653,42.0599],[-82.4299,42.2971],[-82.4846,42.3442],[-82.4802,42.4608],[-82.4024,42.5308],[-82.484,42.6315],[-82.024,42.6246],[-82.0088,42.6507],[-81.8351,42.6491]]]}},{"type":"Feature","id":"3537","properties":{"name":"Essex","st":"35"},"geometry":{"type":"Polygon","coordinates":[[[-82.5445,42.3925],[-82.4299,42.2973],[-82.469,42.0],[-82.5,41.9688],[-82.5,41.6771],[-82.6802,41.6769],[-83.0691,41.8636],[-83.1495,42.0408],[-83.128,42.2387],[-83.0634,42.3179],[-82.8035,42.3981],[-82.5445,42.3925]]]}},{"type":"Feature","id":"3538","properties":{"name":"Lambton","st":"35"},"geometry":{"type":"Polygon","coordinates":[[[-81.7431,43.3106],[-81.7824,43.2118],[-81.8173,43.2099],[-81.7901,42.8162],[-81.8355,42.8433],[-81.8351,42.651],[-82.0088,42.6507],[-82.024,42.6246],[-82.484,42.6315],[-82.4024,42.5308],[-82.4781,42.4663],[-82.4846,42.3442],[-82.5508,42.3976],[-82.8035,42.3981],[-82.6624,42.5412],[-82.5911,42.5499],[-82.5186,42.6141],[-82.4674,42.7625],[-82.4703,42.8875],[-82.2949,43.25],[-81.9836,43.2355],[-81.7696,43.3222],[-81.7431,43.3106]]]}},{"type":"Feature","id":"3539","properties":{"name":"Middlesex","st":"35"},"geometry":{"type":"Polygon","coordinates":[[[-81.2272,43.2046],[-81.1322,43.2315],[-81.0377,43.0462],[-80.9842,42.9859],[-80.923,43.0008],[-80.8987,42.9126],[-81.1197,42.8908],[-81.1148,42.8706],[-81.4331,42.7953],[-81.4194,42.7743],[-81.4814,42.7838],[-81.4737,42.7533],[-81.5691,42.7465],[-81.6284,42.6831],[-81.6858,42.6966],[-81.7021,42.6389],[-81.7369,42.6616],[-81.8347,42.608],[-81.8355,42.8433],[-81.7901,42.8162],[-81.8131,43.2157],[-81.4311,43.2929],[-81.2272,43.2046]]]}},{"type":"Feature","id":"3540","properties":{"name":"Huron","st":"35"},"geometry":{"type":"Polygon","coordinates":[[[-80.9918,43.9864],[-80.9544,43.8221],[-81.0863,43.8063],[-81.0312,43.7635],[-81.1474,43.614],[-81.1831,43.6287],[-81.2846,43.5062],[-81.3498,43.5346],[-81.443,43.4241],[-81.2868,43.3561],[-81.3637,43.2638],[-81.4312,43.2929],[-81.7738,43.2375],[-81.7185,43.4972],[-81.7658,44.0622],[-81.3835,43.908],[-80.9918,43.9864]]]}},{"type":"Feature","id":"3541","properties":{"name":"Bruce","st":"35"},"geometry":{"type":"Polygon","coordinates":[[[-81.071,45.3607],[-80.5992,44.9727],[-80.5493,44.7501],[-80.8789,44.8818],[-80.9866,44.8539],[-81.1147,44.7701],[-81.127,44.5445],[-80.9891,43.9867],[-81.3835,43.908],[-81.7658,44.0622],[-81.6283,44.3458],[-81.3752,44.5653],[-81.3373,44.7579],[-81.4474,44.9938],[-81.5543,45.0102],[-81.603,45.0469],[-81.8168,45.3616],[-81.071,45.3607]]]}},{"type":"Feature","id":"3542","properties":{"name":"Grey","st":"35"},"geometry":{"type":"Polygon","coordinates":[[[-80.3662,44.7362],[-80.2291,44.2534],[-80.4229,44.2],[-80.361,44.1674],[-80.3982,44.1351],[-80.375,44.0393],[-80.7163,43.9813],[-80.7473,44.0019],[-80.7543,43.9767],[-80.8269,43.9679],[-80.8358,44.0046],[-80.9891,43.9867],[-81.127,44.5445],[-81.1147,44.7701],[-80.9866,44.8539],[-80.8789,44.8818],[-80.5493,44.7501],[-80.5992,44.9727],[-80.3662,44.7362]]]}},{"type":"Feature","id":"3543","properties":{"name":"Simcoe","st":"35"},"geometry":{"type":"Polygon","coordinates":[[[-79.6274,44.8956],[-79.5244,44.849],[-79.4063,44.843],[-79.3905,44.7741],[-79.2079,44.7949],[-79.0818,44.5158],[-79.145,44.5124],[-79.1638,44.471],[-79.509,44.4224],[-79.5141,44.176],[-79.5569,44.0757],[-79.6369,44.0206],[-79.9512,43.9514],[-80.034,44.2949],[-80.2291,44.2534],[-80.3287,44.6927],[-80.5207,44.9043],[-79.9843,44.9426],[-79.8771,44.8196],[-79.7382,44.7708],[-79.6794,44.8272],[-79.7002,44.8679],[-79.6274,44.8956]]]}},{"type":"Feature","id":"3544","properties":{"name":"Muskoka","st":"35"},"geometry":{"type":"Polygon","coordinates":[[[-78.9249,45.5337],[-78.8599,45.4146],[-78.9732,45.3798],[-78.8432,45.145],[-79.0011,45.1055],[-78.9344,44.9856],[-79.1193,44.95],[-79.0629,44.8401],[-79.2079,44.7949],[-79.3905,44.7741],[-79.4063,44.843],[-79.5244,44.849],[-79.6434,44.8971],[-79.7002,44.8679],[-79.6794,44.8272],[-79.7382,44.7708],[-79.8771,44.8196],[-79.9843,44.9426],[-80.5207,44.9043],[-80.6001,44.9735],[-80.3374,45.0193],[-80.1201,45.1006],[-80.0575,45.0922],[-79.6063,45.2149],[-79.6726,45.3344],[-78.9249,45.5337]]]}},{"type":"Feature","id":"3546","properties":{"name":"Haliburton","st":"35"},"geometry":{"type":"Polygon","coordinates":[[[-78.3148,45.5611],[-77.9612,44.9115],[-78.1189,44.8757],[-78.141,44.9168],[-78.8198,44.7541],[-79.0011,45.1055],[-78.8432,45.145],[-78.9714,45.3845],[-78.3148,45.5611]]]}},{"type":"Feature","id":"4715","properties":{"name":"Division No. 15","st":"47"},"geometry":{"type":"Polygon","coordinates":[[[-105.1267,53.9775],[-105.0747,53.2433],[-104.9679,53.2335],[-104.9013,53.1671],[-104.7865,53.1729],[-104.7523,53.2183],[-104.6358,53.2316],[-104.578,52.1439],[-106.4323,52.1438],[-106.4583,52.3185],[-106.344,52.4351],[-106.9788,52.406],[-106.8354,52.6726],[-106.4386,52.9301],[-106.3842,53.0321],[-106.2245,53.1605],[-106.0406,53.2043],[-106.0053,53.1524],[-105.9852,53.4525],[-106.0532,53.4525],[-106.0526,53.525],[-106.1025,53.5251],[-106.0041,53.5399],[-106.0041,53.9763],[-105.1267,53.9775]]]}},{"type":"Feature","id":"4716","properties":{"name":"Division No. 16","st":"47"},"geometry":{"type":"Polygon","coordinates":[[[-106.7529,54.3249],[-106.587,54.3451],[-106.0039,54.3208],[-106.0041,53.5399],[-106.1025,53.5251],[-106.0526,53.525],[-106.0532,53.4525],[-105.9852,53.4525],[-106.0053,53.1524],[-106.0406,53.2043],[-106.2245,53.1605],[-106.3842,53.0321],[-106.4386,52.9301],[-106.8354,52.6726],[-107.0075,52.3821],[-107.4047,52.3497],[-107.8515,52.5632],[-108.0505,52.5846],[-108.3604,52.7788],[-108.3529,52.8467],[-108.4466,52.8958],[-108.4471,52.9294],[-108.1809,52.9293],[-108.199,53.0959],[-108.1488,53.1035],[-108.15,53.1468],[-108.1988,53.148],[-108.2354,53.4435],[-108.1744,53.4974],[-108.2216,53.4928],[-108.2374,53.523],[-108.1572,53.6278],[-107.9227,53.6279],[-107.9399,53.8024],[-107.7913,53.8023],[-107.7915,53.9769],[-107.345,53.9766],[-107.353,54.1494],[-106.7514,54.1488],[-106.7529,54.3249]]]}},{"type":"Feature","id":"4717","properties":{"name":"Division No. 17","st":"47"},"geometry":{"type":"Polygon","coordinates":[[[-108.8103,54.4862],[-108.8019,54.5158],[-108.6489,54.5158],[-108.5988,54.675],[-108.4234,54.6742],[-108.4238,54.5873],[-107.97,54.5873],[-107.9546,54.1506],[-107.353,54.1495],[-107.345,53.9766],[-107.7915,53.9769],[-107.7913,53.8023],[-107.9399,53.8024],[-107.9227,53.6279],[-108.1572,53.6278],[-108.2301,53.536],[-108.2221,53.4931],[-108.1744,53.4974],[-108.2354,53.4435],[-108.1988,53.148],[-108.15,53.1468],[-108.1488,53.1035],[-108.199,53.0959],[-108.1809,52.9293],[-108.4471,52.9294],[-108.4466,52.8958],[-108.7629,53.0002],[-108.7618,52.8811],[-108.9119,52.8689],[-108.921,52.9027],[-109.0026,52.9168],[-109.0009,52.9583],[-109.1971,52.9325],[-109.1984,53.0156],[-109.473,53.0164],[-109.6342,53.0459],[-109.7807,53.0193],[-110.0052,52.8573],[-110.0057,54.6498],[-109.9115,54.6452],[-109.7841,54.5579],[-109.6335,54.5583],[-109.6332,54.5287],[-109.5321,54.5002],[-108.8103,54.4862]]]}},{"type":"Feature","id":"4718","properties":{"name":"Division No. 18","st":"47"},"geometry":{"type":"Polygon","coordinates":[[[-110.0,60.0],[-105.75,60.0],[-102.0,60.0],[-102.0041,55.8094],[-101.9639,55.8095],[-101.964,55.4604],[-101.9242,55.4602],[-101.7707,53.7109],[-103.035,53.7141],[-103.0384,53.7831],[-103.1573,53.7195],[-103.3911,53.6864],[-103.4246,53.6421],[-103.6283,53.6284],[-103.6428,53.8015],[-105.1297,53.8021],[-105.1267,53.9775],[-106.0041,53.9763],[-106.0142,54.3291],[-106.587,54.3451],[-106.5909,54.326],[-106.7529,54.3249],[-106.7514,54.1488],[-107.9546,54.1506],[-107.97,54.5873],[-108.4238,54.5873],[-108.4234,54.6742],[-108.5988,54.675],[-108.6489,54.5158],[-108.8019,54.5158],[-108.8022,54.4861],[-109.1549,54.4852],[-109.6074,54.5145],[-109.6335,54.5583],[-109.7841,54.5579],[-109.9115,54.6452],[-110.0057,54.6498],[-110.0,60.0]]]}},{"type":"Feature","id":"4801","properties":{"name":"Division No.  1","st":"48"},"geometry":{"type":"Polygon","coordinates":[[[-111.3892,50.7032],[-110.2821,50.7034],[-110.2824,50.6109],[-110.14,50.6682],[-110.1311,50.7257],[-110.0534,50.7328],[-110.0811,50.7957],[-110.003,50.8347],[-110.005,48.9997],[-111.341,48.9972],[-111.3416,49.1359],[-111.3669,49.1167],[-111.4307,49.1328],[-111.4408,49.2611],[-111.7545,49.261],[-111.7545,49.3485],[-111.889,49.3499],[-111.9016,49.5673],[-111.6305,49.5302],[-111.6303,49.8731],[-111.6977,49.9333],[-111.5942,49.9888],[-111.5736,50.0363],[-111.669,50.1336],[-111.3702,50.1358],[-111.3892,50.7032]]]}},{"type":"Feature","id":"4802","properties":{"name":"Division No.  2","st":"48"},"geometry":{"type":"Polygon","coordinates":[[[-112.2373,51.2133],[-111.9971,51.092],[-111.9346,51.0067],[-111.9245,50.955],[-111.968,50.9239],[-111.8546,50.9071],[-111.8109,50.8367],[-111.6303,50.8552],[-111.5655,50.7693],[-111.3884,50.7697],[-111.3702,50.1358],[-111.669,50.1336],[-111.5736,50.0363],[-111.5942,49.9888],[-111.6977,49.9333],[-111.6303,49.8731],[-111.6305,49.5302],[-111.9016,49.5673],[-111.9015,49.5236],[-111.889,49.3499],[-111.7545,49.3485],[-111.7545,49.261],[-111.4408,49.2611],[-111.4307,49.1328],[-111.3669,49.1167],[-111.3416,49.1359],[-111.341,48.9972],[-112.4108,48.9987],[-112.4085,49.1735],[-112.6954,49.174],[-112.6962,49.334],[-112.7524,49.3338],[-112.7796,49.5523],[-112.9138,49.6049],[-112.8871,49.6264],[-112.9912,49.6782],[-112.9671,49.7342],[-113.0317,49.7511],[-113.0204,49.7707],[-113.1842,49.7884],[-113.2326,49.9095],[-113.2768,49.9076],[-113.2768,50.0484],[-112.8141,50.077],[-112.8124,50.1353],[-112.6435,50.1353],[-112.6434,50.1935],[-112.5524,50.1936],[-112.5247,50.2662],[-112.4329,50.2663],[-112.433,50.3101],[-112.1567,50.3219],[-112.1726,50.4241],[-112.3044,50.4301],[-112.3666,50.49],[-112.3519,50.5405],[-112.3974,50.5641],[-112.3691,50.6186],[-112.4907,50.6383],[-112.5614,50.7414],[-112.4979,50.7469],[-112.4975,50.7911],[-112.6134,50.813],[-112.6356,50.9214],[-112.5167,50.9213],[-112.5166,51.0087],[-112.3771,51.0089],[-112.3772,51.0961],[-112.2377,51.0961],[-112.2373,51.2133]]]}},{"type":"Feature","id":"4803","properties":{"name":"Division No.  3","st":"48"},"geometry":{"type":"Polygon","coordinates":[[[-114.208,50.3972],[-113.5628,50.4116],[-113.5302,50.3268],[-113.3002,50.1792],[-113.2768,49.9076],[-113.2326,49.9095],[-113.1843,49.7886],[-113.0204,49.7707],[-113.0317,49.7511],[-112.9671,49.7342],[-112.9912,49.6782],[-112.8871,49.6264],[-112.9138,49.6049],[-112.7796,49.5523],[-112.7524,49.3338],[-112.6962,49.334],[-112.6954,49.174],[-112.4085,49.1735],[-112.4108,48.9987],[-114.0683,48.9989],[-114.0635,49.0453],[-114.1531,49.0995],[-114.1726,49.1624],[-114.399,49.2104],[-114.3814,49.2508],[-114.4479,49.2644],[-114.4876,49.3473],[-114.5906,49.3961],[-114.5966,49.502],[-114.5736,49.5575],[-114.5091,49.5743],[-114.4769,49.5202],[-114.434,49.5333],[-114.4072,49.4976],[-114.2945,49.5388],[-114.3398,49.874],[-114.2251,49.8431],[-113.9989,49.8425],[-113.9995,50.1937],[-114.0679,50.1933],[-114.0699,50.31],[-114.2078,50.3096],[-114.208,50.3972]]]}},{"type":"Feature","id":"4804","properties":{"name":"Division No.  4","st":"48"},"geometry":{"type":"Polygon","coordinates":[[[-111.1477,52.2302],[-110.3621,52.2304],[-110.3626,52.1138],[-110.2191,52.1139],[-110.2196,52.0556],[-110.005,52.0556],[-110.003,50.8347],[-110.0811,50.7957],[-110.0534,50.7328],[-110.1311,50.7257],[-110.14,50.6682],[-110.2824,50.6109],[-110.2821,50.7034],[-111.3892,50.7032],[-111.3884,50.7697],[-111.5655,50.7693],[-111.6277,50.8546],[-111.8105,50.8366],[-111.8546,50.9071],[-111.9711,50.9279],[-111.9171,50.9745],[-111.9971,51.092],[-112.5131,51.3723],[-112.5133,51.4014],[-112.4435,51.4159],[-112.2539,51.4161],[-112.2553,51.5907],[-112.1146,51.5907],[-112.1075,51.7647],[-112.2026,51.853],[-112.1546,51.8527],[-112.1546,51.8818],[-111.9894,51.8818],[-112.0508,51.9619],[-111.2907,51.9677],[-111.2423,51.9829],[-111.2429,52.143],[-111.1458,52.1722],[-111.1477,52.2302]]]}},{"type":"Feature","id":"4805","properties":{"name":"Division No.  5","st":"48"},"geometry":{"type":"Polygon","coordinates":[[[-113.4773,51.9549],[-113.4809,51.9831],[-112.9122,51.9695],[-112.9837,51.9251],[-112.6975,51.9109],[-112.6976,51.8817],[-112.2723,51.8672],[-112.1785,51.8388],[-112.1075,51.7647],[-112.1146,51.5907],[-112.2553,51.5907],[-112.2539,51.4161],[-112.5133,51.4014],[-112.4532,51.3235],[-112.2403,51.2246],[-112.2377,51.0961],[-112.3772,51.0961],[-112.3771,51.0089],[-112.5166,51.0087],[-112.5167,50.9213],[-112.6356,50.9214],[-112.6134,50.813],[-112.4975,50.7911],[-112.4979,50.7469],[-112.5614,50.7414],[-112.4907,50.6383],[-112.3691,50.6186],[-112.3974,50.5641],[-112.3519,50.5405],[-112.3666,50.49],[-112.3044,50.4301],[-112.1726,50.4241],[-112.1549,50.3244],[-112.433,50.3101],[-112.4329,50.2663],[-112.5247,50.2662],[-112.5524,50.1936],[-112.6434,50.1935],[-112.6435,50.1353],[-112.8124,50.1353],[-112.8141,50.077],[-112.9164,50.0625],[-113.2768,50.0484],[-113.3054,50.186],[-113.3917,50.2143],[-113.5306,50.3272],[-113.5987,50.4538],[-113.5984,50.5721],[-113.4904,50.5721],[-113.4902,50.7988],[-113.6062,50.7947],[-113.6328,51.1252],[-113.5859,51.1835],[-113.4934,51.1834],[-113.4933,51.2421],[-113.3767,51.2419],[-113.3804,51.4451],[-113.6617,51.4451],[-113.6426,51.6782],[-113.6899,51.6783],[-113.7364,51.781],[-113.7135,51.8963],[-113.6426,51.8965],[-113.6427,51.9545],[-113.4773,51.9549]]]}},{"type":"Feature","id":"4806","properties":{"name":"Division No.  6","st":"48"},"geometry":{"type":"Polygon","coordinates":[[[-114.9944,51.8892],[-114.758,51.9261],[-114.5678,51.9036],[-114.4758,51.9408],[-114.4506,51.9115],[-114.1908,51.9115],[-114.1671,51.8824],[-113.7135,51.8963],[-113.7357,51.7514],[-113.6394,51.6567],[-113.6617,51.4451],[-113.3804,51.4451],[-113.3767,51.2419],[-113.4933,51.2421],[-113.4934,51.1834],[-113.5859,51.1835],[-113.6328,51.1252],[-113.6062,50.7947],[-113.4902,50.7988],[-113.4904,50.5721],[-113.5984,50.5721],[-113.5628,50.4116],[-114.208,50.3972],[-114.2078,50.3096],[-114.3916,50.3099],[-114.4604,50.3246],[-114.4602,50.3682],[-114.506,50.3682],[-114.5294,50.5455],[-114.4407,50.5719],[-114.4637,50.7031],[-114.533,50.7033],[-114.556,50.8928],[-114.625,50.8923],[-114.6994,50.965],[-114.6984,51.1557],[-114.5131,51.1932],[-114.7214,51.2121],[-114.7038,51.4898],[-114.7518,51.5326],[-114.7038,51.5328],[-114.7102,51.6495],[-114.7817,51.6495],[-114.7805,51.7078],[-114.8514,51.7063],[-114.8516,51.7643],[-114.923,51.7644],[-114.9697,51.809],[-114.9944,51.8892]]]}},{"type":"Feature","id":"4807","properties":{"name":"Division No.  7","st":"48"},"geometry":{"type":"Polygon","coordinates":[[[-111.4092,52.9299],[-111.4303,53.1471],[-111.2108,53.1466],[-111.0289,53.0601],[-110.6932,53.0597],[-110.6156,53.0878],[-110.5864,53.0332],[-110.4748,53.0286],[-110.4575,52.9584],[-110.0052,52.8573],[-110.005,52.0556],[-110.2196,52.0556],[-110.2191,52.1139],[-110.3626,52.1138],[-110.3621,52.2304],[-111.1477,52.2302],[-111.1458,52.1722],[-111.2429,52.143],[-111.2423,51.9829],[-111.2907,51.9677],[-112.0037,51.9691],[-112.0533,51.9519],[-112.0121,51.9452],[-112.0051,51.9248],[-112.0258,51.9346],[-112.0296,51.9308],[-112.0435,51.9316],[-112.044,51.9294],[-111.9894,51.8818],[-112.1546,51.8818],[-112.1546,51.8527],[-112.6976,51.8817],[-112.6975,51.9109],[-112.9837,51.9251],[-112.906,51.9855],[-113.0227,52.1041],[-113.0714,52.2284],[-113.0932,52.3176],[-112.9978,52.4325],[-113.0279,52.4607],[-112.9321,52.4921],[-112.7814,52.4921],[-112.8162,52.5322],[-112.7877,52.5798],[-112.6799,52.5797],[-112.6794,52.6382],[-112.596,52.6376],[-112.5959,52.6681],[-112.3625,52.6825],[-112.3624,52.7268],[-112.3263,52.7274],[-112.3262,53.0179],[-111.9872,53.0175],[-111.9873,52.9598],[-111.7939,52.9306],[-111.4092,52.9299]]]}},{"type":"Feature","id":"4808","properties":{"name":"Division No.  8","st":"48"},"geometry":{"type":"Polygon","coordinates":[[[-114.531,52.8874],[-114.147,52.8879],[-114.0502,52.8434],[-113.4989,52.8434],[-113.4552,52.8212],[-113.2936,52.8434],[-113.2794,52.7684],[-113.0885,52.7558],[-113.0516,52.6234],[-113.1477,52.6227],[-113.1477,52.5793],[-113.0277,52.5647],[-112.9309,52.4884],[-113.0279,52.4607],[-112.9978,52.4325],[-113.0932,52.3176],[-113.0246,52.1073],[-112.9122,51.9695],[-113.4809,51.9831],[-113.4773,51.9549],[-113.6427,51.9545],[-113.6426,51.8965],[-113.8316,51.8818],[-114.4506,51.9115],[-114.4505,51.9407],[-114.4976,51.9397],[-114.5015,52.0722],[-114.5727,52.0719],[-114.5719,52.13],[-114.4299,52.1297],[-114.4574,52.3774],[-114.5296,52.4493],[-114.5294,52.5087],[-114.4652,52.5091],[-114.4662,52.5666],[-114.6495,52.5952],[-114.656,52.713],[-114.5831,52.7127],[-114.5825,52.8439],[-114.5334,52.8438],[-114.531,52.8874]]]}},{"type":"Feature","id":"4809","properties":{"name":"Division No.  9","st":"48"},"geometry":{"type":"Polygon","coordinates":[[[-116.6127,52.8424],[-115.1452,52.8432],[-115.2274,52.9157],[-115.2261,53.0332],[-115.0758,53.0697],[-115.0237,53.0623],[-115.0159,52.8435],[-114.5825,52.8439],[-114.5831,52.7127],[-114.656,52.713],[-114.6495,52.5952],[-114.4662,52.5666],[-114.4652,52.5091],[-114.5294,52.5087],[-114.5296,52.4493],[-114.4574,52.3774],[-114.4299,52.1297],[-114.5719,52.13],[-114.5727,52.0719],[-114.5015,52.0722],[-114.5182,51.9157],[-114.758,51.9261],[-114.7931,51.8967],[-114.9944,51.8892],[-114.9697,51.809],[-114.923,51.7644],[-114.8516,51.7643],[-114.843,51.7074],[-114.9607,51.691],[-114.9932,51.6208],[-115.5741,51.6191],[-115.814,51.7618],[-115.9173,51.7507],[-115.9377,51.855],[-115.9857,51.8446],[-116.0856,51.9204],[-116.1867,51.8359],[-116.2872,51.8239],[-116.3247,51.7868],[-116.4102,51.8343],[-116.509,51.8146],[-116.606,51.8826],[-116.6064,51.976],[-116.7056,52.0569],[-116.9667,52.1465],[-117.0338,52.2425],[-117.0842,52.2491],[-116.8692,52.487],[-116.9027,52.5368],[-116.7962,52.6747],[-116.8295,52.7569],[-116.6124,52.7557],[-116.6127,52.8424]]]}},{"type":"Feature","id":"4810","properties":{"name":"Division No. 10","st":"48"},"geometry":{"type":"Polygon","coordinates":[[[-112.5463,53.9967],[-112.4199,53.9916],[-112.2305,54.0624],[-112.1877,53.9884],[-111.9691,53.9068],[-111.8186,53.9289],[-111.7236,53.889],[-111.6004,53.9035],[-111.5996,53.8457],[-111.516,53.8457],[-111.383,53.7496],[-111.1518,53.7505],[-111.0199,53.8025],[-111.0199,53.7734],[-110.5405,53.7735],[-110.4123,53.715],[-110.3757,53.7153],[-110.3646,53.8221],[-110.2681,53.8219],[-110.2593,53.8748],[-110.0066,53.8893],[-110.0052,52.8573],[-110.4575,52.9584],[-110.4748,53.0286],[-110.5864,53.0332],[-110.6162,53.0879],[-110.6932,53.0597],[-111.0289,53.0601],[-111.2108,53.1466],[-111.4303,53.1471],[-111.4053,52.9299],[-111.7939,52.9306],[-111.9873,52.9598],[-111.9872,53.0175],[-112.3262,53.0179],[-112.3263,52.7274],[-112.3624,52.7268],[-112.3625,52.6825],[-112.5959,52.6681],[-112.596,52.6376],[-112.6794,52.6382],[-112.6799,52.5797],[-112.7877,52.5798],[-112.8162,52.5322],[-112.7814,52.4921],[-112.952,52.4947],[-113.0277,52.5647],[-113.1477,52.5793],[-113.1477,52.6227],[-113.0516,52.6234],[-113.0888,52.7534],[-113.0518,52.7561],[-113.0518,52.8434],[-113.1245,52.8435],[-113.0743,53.0761],[-113.0985,53.1197],[-113.1717,53.1198],[-113.1843,53.2126],[-113.1718,53.2359],[-113.0498,53.2357],[-113.0499,53.2942],[-113.0,53.2941],[-113.0499,53.364],[-112.8408,53.3669],[-112.8529,53.4604],[-112.9514,53.4831],[-112.9511,53.6286],[-112.8776,53.6578],[-112.8768,53.7021],[-112.951,53.7743],[-112.9514,53.8934],[-112.8464,53.9582],[-112.8441,54.0307],[-112.7902,54.0625],[-112.5463,53.9967]]]}},{"type":"Feature","id":"4811","properties":{"name":"Division No. 11","st":"48"},"geometry":{"type":"Polygon","coordinates":[[[-113.7811,53.9928],[-113.3474,54.023],[-113.3477,53.978],[-112.8437,53.9778],[-112.9514,53.8934],[-112.951,53.7743],[-112.8768,53.7021],[-112.8776,53.6578],[-112.9511,53.6286],[-112.9514,53.4831],[-112.8529,53.4604],[-112.8408,53.3669],[-113.0499,53.364],[-113.0,53.2941],[-113.0499,53.2942],[-113.0498,53.2357],[-113.1718,53.2359],[-113.1843,53.2126],[-113.1717,53.1198],[-113.0985,53.1197],[-113.0743,53.0761],[-113.1245,52.8435],[-113.0518,52.8434],[-113.0518,52.7561],[-113.2626,52.7617],[-113.309,52.7851],[-113.2936,52.8434],[-113.4552,52.8212],[-113.4989,52.8434],[-114.0502,52.8434],[-114.147,52.8879],[-114.5337,52.8874],[-114.5334,52.8438],[-115.0159,52.8435],[-115.0237,53.0623],[-115.0751,53.0697],[-115.2261,53.0332],[-115.2274,52.9157],[-115.1452,52.8432],[-115.5974,52.8434],[-115.6111,53.3666],[-115.1082,53.367],[-115.1035,53.4363],[-114.9935,53.4781],[-115.0054,53.6069],[-114.8737,53.6879],[-114.8872,53.7157],[-114.8125,53.7164],[-114.8023,53.5992],[-114.688,53.6294],[-114.1231,53.5993],[-114.124,53.6575],[-114.0265,53.6576],[-114.0515,53.9267],[-113.8681,53.9048],[-113.8063,53.92],[-113.7811,53.9928]]]}},{"type":"Feature","id":"4812","properties":{"name":"Division No. 12","st":"48"},"geometry":{"type":"Polygon","coordinates":[[[-112.6364,55.9851],[-112.0394,55.9872],[-112.0387,55.9433],[-111.9287,55.9408],[-111.8831,55.9412],[-111.8848,55.9883],[-111.4127,55.9844],[-111.4013,55.5548],[-110.0,55.5493],[-110.0066,53.8893],[-110.2593,53.8748],[-110.2681,53.8219],[-110.3646,53.8221],[-110.3757,53.7153],[-110.5405,53.7735],[-111.0199,53.7734],[-111.0199,53.8025],[-111.1518,53.7505],[-111.3854,53.7498],[-111.516,53.8457],[-111.5996,53.8457],[-111.6004,53.9035],[-111.7236,53.889],[-111.8186,53.9289],[-111.9691,53.9068],[-112.1877,53.9884],[-112.2305,54.0624],[-112.4713,53.9889],[-112.7902,54.0625],[-112.8401,54.0494],[-112.8508,54.2096],[-112.7633,54.2096],[-112.7634,54.2679],[-112.688,54.2679],[-112.6886,54.3265],[-112.6011,54.3262],[-112.5765,54.5655],[-112.4251,54.5875],[-112.4459,55.024],[-112.3445,55.024],[-112.3449,55.1115],[-112.3118,55.1117],[-112.3135,55.4606],[-112.7511,55.4609],[-112.8005,55.5131],[-112.7582,55.5379],[-112.7901,55.6453],[-112.5972,55.727],[-112.6796,55.9021],[-112.6189,55.9407],[-112.6364,55.9851]]]}},{"type":"Feature","id":"4813","properties":{"name":"Division No. 13","st":"48"},"geometry":{"type":"Polygon","coordinates":[[[-112.3135,55.4606],[-112.3118,55.1117],[-112.3449,55.1115],[-112.3445,55.024],[-112.4459,55.024],[-112.4251,54.5875],[-112.5765,54.5655],[-112.6011,54.3262],[-112.6886,54.3265],[-112.688,54.2679],[-112.7634,54.2679],[-112.7633,54.2096],[-112.8508,54.2096],[-112.8437,53.9778],[-113.3477,53.978],[-113.3474,54.023],[-113.7811,53.9928],[-113.8063,53.92],[-113.8681,53.9048],[-114.0515,53.9267],[-114.0265,53.6576],[-114.124,53.6575],[-114.1231,53.5993],[-114.688,53.6294],[-114.8023,53.5992],[-114.8125,53.7164],[-114.9165,53.7161],[-114.9751,53.7882],[-115.7849,53.8188],[-115.7853,53.8902],[-115.8747,53.8918],[-115.8687,53.9778],[-116.5269,53.9776],[-116.5284,54.0654],[-116.7016,54.0663],[-116.6989,54.1219],[-116.2504,54.2561],[-116.2549,54.3265],[-116.1005,54.3263],[-116.1015,54.4145],[-115.9701,54.4126],[-115.9659,54.5],[-115.0628,54.5022],[-115.0699,54.8503],[-114.2224,54.8505],[-114.3268,54.6745],[-114.3222,54.5887],[-113.6872,54.5879],[-113.6656,54.9367],[-113.3611,54.9372],[-113.3613,55.0239],[-112.9039,55.0241],[-112.9038,54.9704],[-112.7364,54.9739],[-112.7566,55.0385],[-112.8894,55.0772],[-112.7858,55.2632],[-112.6849,55.3054],[-112.7511,55.4609],[-112.3135,55.4606]]]}},{"type":"Feature","id":"4814","properties":{"name":"Division No. 14","st":"48"},"geometry":{"type":"Polygon","coordinates":[[[-120.0,53.9374],[-119.7762,53.894],[-119.5602,54.0182],[-119.4841,54.0249],[-119.485,53.8465],[-118.9978,53.8448],[-118.9993,53.8049],[-118.1251,53.8067],[-118.0655,53.9162],[-117.8654,53.9643],[-117.7852,53.9569],[-117.6903,54.0241],[-117.5324,54.0526],[-117.336,54.0233],[-117.3458,54.0505],[-117.2754,54.0579],[-117.2734,53.9859],[-117.1995,54.0111],[-117.1009,53.9725],[-116.9579,54.0172],[-116.8414,54.003],[-116.7002,54.1221],[-116.7016,54.0663],[-116.5284,54.0654],[-116.5269,53.9776],[-115.8687,53.9778],[-115.8747,53.8918],[-115.7853,53.8902],[-115.7849,53.8188],[-114.9751,53.7882],[-114.8686,53.6971],[-115.0053,53.607],[-114.9935,53.4781],[-115.1035,53.4363],[-115.1082,53.367],[-115.6111,53.3666],[-115.5973,52.8435],[-116.6127,52.8424],[-116.6124,52.7557],[-116.8295,52.7569],[-116.8145,52.7216],[-116.8981,52.6522],[-116.9816,52.715],[-117.0805,52.7164],[-117.1929,52.8109],[-117.5457,52.9703],[-117.4895,53.0386],[-117.6061,53.0742],[-117.6976,53.1835],[-117.8665,53.2302],[-117.9588,53.3302],[-118.092,53.3686],[-118.2078,53.3254],[-118.2124,53.3833],[-118.3601,53.457],[-118.5247,53.4712],[-118.581,53.435],[-118.6932,53.4788],[-118.7917,53.4162],[-118.9848,53.4817],[-119.0417,53.4207],[-119.2371,53.4741],[-119.4641,53.4762],[-119.5414,53.4331],[-119.4104,53.3654],[-119.6045,53.3834],[-119.6241,53.3596],[-119.7254,53.3888],[-119.7804,53.4918],[-119.8995,53.5191],[-119.861,53.5565],[-119.9259,53.6145],[-119.7592,53.591],[-119.7134,53.6146],[-119.7929,53.7061],[-119.9157,53.7173],[-119.8882,53.7795],[-120.0,53.8062],[-120.0,53.9374]]]}},{"type":"Feature","id":"4815","properties":{"name":"Division No. 15","st":"48"},"geometry":{"type":"Polygon","coordinates":[[[-119.4383,53.4724],[-119.2371,53.4741],[-119.0417,53.4207],[-118.9848,53.4817],[-118.7917,53.4162],[-118.6932,53.4788],[-118.581,53.435],[-118.5247,53.4712],[-118.3601,53.457],[-118.2124,53.3833],[-118.2078,53.3254],[-118.0495,53.3641],[-117.9588,53.3302],[-117.8665,53.2302],[-117.6976,53.1835],[-117.6061,53.0742],[-117.4895,53.0386],[-117.5457,52.9703],[-117.1929,52.8109],[-117.0805,52.7164],[-116.9816,52.715],[-116.8981,52.6522],[-116.8129,52.721],[-116.8204,52.6177],[-116.9027,52.5368],[-116.8692,52.487],[-117.0912,52.2592],[-117.0338,52.2425],[-116.9667,52.1465],[-116.7056,52.0569],[-116.6064,51.976],[-116.606,51.8826],[-116.509,51.8146],[-116.4102,51.8343],[-116.3247,51.7868],[-116.2872,51.8239],[-116.1867,51.8359],[-116.0856,51.9204],[-115.9857,51.8446],[-115.9377,51.855],[-115.9173,51.7507],[-115.814,51.7618],[-115.5741,51.6191],[-114.9932,51.6208],[-114.9595,51.6915],[-114.7805,51.7078],[-114.7817,51.6495],[-114.7102,51.6495],[-114.7042,51.6203],[-114.7038,51.5328],[-114.7518,51.5326],[-114.7038,51.4898],[-114.7214,51.2121],[-114.5131,51.1932],[-114.6686,51.169],[-114.6994,51.124],[-114.6994,50.965],[-114.625,50.8923],[-114.556,50.8928],[-114.533,50.7033],[-114.4637,50.7031],[-114.4407,50.5719],[-114.5294,50.5455],[-114.5291,50.3968],[-114.4602,50.3682],[-114.4604,50.3246],[-114.3916,50.3099],[-114.0699,50.31],[-114.0679,50.1933],[-113.9995,50.1937],[-113.9989,49.8425],[-114.2251,49.8431],[-114.3398,49.874],[-114.2945,49.5388],[-114.3458,49.539],[-114.3396,49.5135],[-114.4719,49.5175],[-114.5091,49.5743],[-114.6485,49.5433],[-114.7326,49.5764],[-114.7465,49.6185],[-114.6678,49.6374],[-114.6768,49.6962],[-114.6336,49.7304],[-114.6918,49.8963],[-114.6625,50.0649],[-114.736,50.1204],[-114.7528,50.2938],[-114.8,50.3298],[-114.7686,50.3588],[-114.8623,50.3945],[-115.0151,50.5824],[-115.1546,50.5733],[-115.2081,50.5278],[-115.3115,50.6286],[-115.2742,50.6489],[-115.3123,50.7239],[-115.4138,50.7113],[-115.5731,50.8377],[-115.6394,50.838],[-115.6489,50.8741],[-115.5621,50.8943],[-115.6283,50.9809],[-115.767,51.0394],[-115.7534,51.0744],[-115.9236,51.0831],[-116.0088,51.126],[-116.0076,51.222],[-116.1532,51.2634],[-116.1641,51.2978],[-116.268,51.3119],[-116.3114,51.385],[-116.284,51.4565],[-116.3606,51.4709],[-116.3909,51.5456],[-116.595,51.6618],[-116.5854,51.7128],[-116.6591,51.8052],[-116.749,51.8051],[-116.8097,51.7053],[-116.9206,51.7098],[-116.9764,51.7602],[-116.9798,51.8356],[-117.0335,51.8564],[-117.0108,51.8897],[-117.196,51.9791],[-117.2147,52.0285],[-117.3051,52.0743],[-117.3173,52.194],[-117.3813,52.1377],[-117.6113,52.1443],[-117.6635,52.1979],[-117.8183,52.2264],[-117.8396,52.2741],[-117.7058,52.3653],[-117.7665,52.4177],[-117.8869,52.4261],[-117.988,52.5002],[-118.0507,52.4571],[-118.0442,52.3985],[-118.138,52.4075],[-118.2193,52.3742],[-118.2553,52.4495],[-118.1934,52.4778],[-118.3525,52.6106],[-118.2901,52.6777],[-118.4224,52.7758],[-118.387,52.8471],[-118.4525,52.8554],[-118.5001,52.9064],[-118.6081,52.8796],[-118.6712,52.9783],[-118.6553,53.0348],[-118.7264,53.0602],[-118.7762,53.0454],[-118.7323,53.1192],[-118.9474,53.2389],[-119.0238,53.2319],[-119.0246,53.1267],[-119.146,53.1912],[-119.2571,53.1766],[-119.3559,53.3401],[-119.5414,53.4331],[-119.4383,53.4724]]]}},{"type":"Feature","id":"4816","properties":{"name":"Division No. 16","st":"48"},"geometry":{"type":"Polygon","coordinates":[[[-110.0,60.0],[-110.0,55.5493],[-111.4013,55.5548],[-111.4127,55.9844],[-111.8848,55.9883],[-111.8831,55.9412],[-111.9287,55.9408],[-112.0387,55.9433],[-112.0394,55.9872],[-112.6474,55.9906],[-112.6004,56.0208],[-112.6322,56.0795],[-112.5124,56.1993],[-112.7171,56.4316],[-112.7651,57.2944],[-113.0938,57.2949],[-113.0946,57.3824],[-114.0,57.3811],[-114.0001,59.4747],[-115.5557,59.476],[-115.5672,60.0],[-112.75,60.0],[-110.0,60.0]]]}},{"type":"Feature","id":"4817","properties":{"name":"Division No. 17","st":"48"},"geometry":{"type":"Polygon","coordinates":[[[-114.0001,59.4747],[-114.0,57.3811],[-113.0946,57.3824],[-113.0938,57.2949],[-112.7651,57.2944],[-112.7171,56.4316],[-112.5124,56.1993],[-112.6322,56.0795],[-112.6004,56.0208],[-112.654,55.9574],[-112.6189,55.9407],[-112.6796,55.9021],[-112.5972,55.727],[-112.791,55.6414],[-112.7582,55.5379],[-112.8005,55.5131],[-112.7533,55.4955],[-112.7778,55.4702],[-112.6839,55.3083],[-112.7858,55.2632],[-112.8892,55.0788],[-112.7566,55.0385],[-112.7163,54.9844],[-112.8755,54.9652],[-112.9039,55.0241],[-113.3613,55.0239],[-113.3611,54.9372],[-113.6656,54.9367],[-113.6872,54.5879],[-114.3222,54.5887],[-114.3268,54.6745],[-114.2224,54.8505],[-115.0699,54.8503],[-115.0628,54.5022],[-115.9625,54.5],[-115.9844,54.8496],[-116.7454,54.8503],[-116.7426,55.1126],[-116.9245,55.1126],[-116.9206,55.3737],[-116.7699,55.3746],[-116.7933,55.7231],[-116.9196,55.7375],[-116.9763,55.9415],[-117.2898,55.9416],[-117.2898,55.9852],[-117.5284,55.9856],[-117.2787,56.2057],[-117.263,56.2746],[-117.3206,56.2483],[-118.0004,56.2474],[-118.0003,56.16],[-118.7835,56.1599],[-118.7837,56.1307],[-118.9028,56.1305],[-118.9695,56.2074],[-118.9551,56.2631],[-119.1609,56.3122],[-119.644,56.167],[-119.7661,56.174],[-119.8653,56.1335],[-120.0,56.1455],[-120.0,60.0],[-117.75,60.0],[-115.5672,60.0],[-115.5557,59.476],[-114.0001,59.4747]]]}},{"type":"Feature","id":"4818","properties":{"name":"Division No. 18","st":"48"},"geometry":{"type":"Polygon","coordinates":[[[-118.0806,55.5466],[-117.985,55.5816],[-117.8794,55.5507],[-117.7019,55.5634],[-117.7179,55.612],[-117.6202,55.6219],[-117.63,55.6715],[-117.5869,55.6804],[-117.5387,55.3749],[-116.9203,55.3739],[-116.9245,55.1126],[-116.7426,55.1126],[-116.7454,54.8503],[-115.9844,54.8496],[-115.9701,54.4126],[-116.1015,54.4145],[-116.1005,54.3263],[-116.2549,54.3265],[-116.2504,54.2561],[-116.2945,54.2311],[-116.4615,54.2104],[-116.7354,54.1132],[-116.8414,54.003],[-116.9579,54.0172],[-117.1018,53.9724],[-117.1995,54.0111],[-117.2767,53.9875],[-117.2751,54.0579],[-117.3458,54.0505],[-117.3549,54.0221],[-117.5332,54.0525],[-117.708,54.0175],[-117.7852,53.9569],[-117.8654,53.9643],[-118.0648,53.9166],[-118.1251,53.8067],[-118.9993,53.8049],[-118.9978,53.8448],[-119.485,53.8465],[-119.4841,54.0249],[-119.5602,54.0182],[-119.7762,53.894],[-119.9304,53.9464],[-120.0,53.9374],[-119.9915,54.7485],[-119.9308,54.7269],[-119.8455,54.7781],[-119.8672,54.8188],[-119.6374,54.869],[-119.6806,54.9174],[-119.5814,54.9678],[-119.4535,54.974],[-119.4225,55.0142],[-119.3748,55.0026],[-119.1912,55.0539],[-119.0573,55.0453],[-118.9676,55.0803],[-118.9021,55.0535],[-118.7569,55.0819],[-118.6609,55.0595],[-118.4462,55.122],[-118.385,55.1147],[-118.354,55.1477],[-118.2756,55.138],[-118.2188,55.1849],[-118.2802,55.1998],[-118.2831,55.3265],[-118.2174,55.362],[-118.2239,55.4543],[-118.1722,55.4544],[-118.1425,55.494],[-118.1983,55.549],[-118.0806,55.5466]]]}},{"type":"Feature","id":"4819","properties":{"name":"Division No. 19","st":"48"},"geometry":{"type":"Polygon","coordinates":[[[-119.9913,56.1476],[-119.8653,56.1335],[-119.7661,56.174],[-119.644,56.167],[-119.1609,56.3122],[-118.9551,56.2631],[-118.9695,56.2074],[-118.9028,56.1305],[-118.7837,56.1307],[-118.7835,56.1599],[-118.0003,56.16],[-118.0004,56.2474],[-117.3206,56.2483],[-117.263,56.2746],[-117.2787,56.2057],[-117.5284,55.9856],[-117.2898,55.9852],[-117.2898,55.9416],[-116.9763,55.9415],[-116.9196,55.7375],[-116.7933,55.7231],[-116.7699,55.3746],[-117.5387,55.3749],[-117.5688,55.6703],[-117.623,55.6788],[-117.6202,55.6219],[-117.7203,55.6089],[-117.7019,55.5634],[-117.8794,55.5507],[-117.985,55.5816],[-118.0806,55.5466],[-118.1983,55.549],[-118.1425,55.494],[-118.1722,55.4544],[-118.2239,55.4543],[-118.2174,55.362],[-118.2831,55.3265],[-118.2802,55.1998],[-118.2188,55.1849],[-118.2756,55.138],[-118.354,55.1477],[-118.385,55.1147],[-118.4462,55.122],[-118.6609,55.0595],[-118.7569,55.0819],[-118.9021,55.0535],[-118.9676,55.0803],[-119.0573,55.0453],[-119.1912,55.0539],[-119.3748,55.0026],[-119.4225,55.0142],[-119.4541,54.9738],[-119.6007,54.9626],[-119.6833,54.9147],[-119.6324,54.8718],[-119.8667,54.819],[-119.8468,54.7767],[-119.9563,54.7269],[-120.0,54.737],[-119.9913,56.1476]]]}},{"type":"Feature","id":"5901","properties":{"name":"East Kootenay","st":"59"},"geometry":{"type":"Polygon","coordinates":[[[-116.3052,51.3254],[-116.1641,51.2978],[-116.1532,51.2634],[-116.0076,51.222],[-116.0088,51.126],[-115.9236,51.0831],[-115.7534,51.0744],[-115.767,51.0394],[-115.6488,50.9975],[-115.5621,50.8943],[-115.6489,50.8741],[-115.6415,50.8398],[-115.5731,50.8377],[-115.4138,50.7113],[-115.3123,50.7239],[-115.2742,50.6489],[-115.3115,50.6286],[-115.2081,50.5278],[-115.1736,50.5676],[-115.0205,50.5847],[-114.8623,50.3945],[-114.7686,50.3588],[-114.8,50.3298],[-114.7528,50.2938],[-114.736,50.1204],[-114.6625,50.0649],[-114.6918,49.8963],[-114.6331,49.7341],[-114.6768,49.6962],[-114.6678,49.6374],[-114.7524,49.6088],[-114.6962,49.5468],[-114.5736,49.5575],[-114.5906,49.3961],[-114.4876,49.3473],[-114.4479,49.2644],[-114.3814,49.2508],[-114.399,49.2104],[-114.2873,49.178],[-114.2215,49.1891],[-114.1612,49.1548],[-114.1531,49.0995],[-114.0635,49.0453],[-114.0683,48.9989],[-116.0271,49.0009],[-116.0285,49.1975],[-116.1008,49.1985],[-116.0726,49.2586],[-116.168,49.2893],[-116.1668,49.3684],[-116.3034,49.521],[-116.4402,49.5325],[-116.5796,49.4552],[-116.6674,49.4722],[-116.6252,49.5388],[-116.6892,49.5727],[-116.6454,49.6198],[-116.6754,49.6483],[-116.5909,49.7249],[-116.685,49.8118],[-116.6972,49.8745],[-116.5101,49.985],[-116.4513,49.9656],[-116.4983,50.0562],[-116.4499,50.1335],[-116.5568,50.2129],[-116.5408,50.319],[-116.6182,50.3175],[-116.6446,50.4124],[-116.7224,50.4615],[-116.6541,50.5986],[-116.5796,50.6473],[-116.6557,50.6822],[-116.7444,50.6781],[-116.7965,50.7293],[-116.7454,50.7713],[-116.7653,50.8457],[-116.7271,50.8803],[-116.6287,50.9207],[-116.3183,50.9491],[-116.4185,51.0366],[-116.2565,51.1408],[-116.3434,51.1922],[-116.2634,51.2218],[-116.3052,51.3254]]]}},{"type":"Feature","id":"5903","properties":{"name":"Central Kootenay","st":"59"},"geometry":{"type":"Polygon","coordinates":[[[-117.3475,51.0389],[-117.2038,51.0659],[-117.131,51.0225],[-117.1552,50.9758],[-117.0331,50.9581],[-117.0839,50.8646],[-117.0415,50.8564],[-117.0381,50.815],[-116.8282,50.7589],[-116.7444,50.6781],[-116.6557,50.6822],[-116.5796,50.6473],[-116.6541,50.5986],[-116.7224,50.4615],[-116.6446,50.4124],[-116.6182,50.3175],[-116.5408,50.319],[-116.5568,50.2129],[-116.4536,50.155],[-116.4983,50.0562],[-116.4421,49.9878],[-116.4513,49.9656],[-116.5101,49.985],[-116.5788,49.9546],[-116.6225,49.8973],[-116.6972,49.8745],[-116.685,49.8118],[-116.5909,49.7249],[-116.6754,49.6483],[-116.6454,49.6198],[-116.6892,49.5727],[-116.6252,49.5388],[-116.6674,49.4722],[-116.5796,49.4552],[-116.4402,49.5325],[-116.3034,49.521],[-116.1668,49.3684],[-116.168,49.2893],[-116.0726,49.2586],[-116.1008,49.1985],[-116.0285,49.1975],[-116.0271,49.0],[-117.4697,49.0007],[-117.4654,49.0882],[-117.5211,49.0881],[-117.4719,49.1757],[-117.6743,49.175],[-117.7031,49.2653],[-118.1422,49.2777],[-118.1768,49.2493],[-118.2381,49.341],[-118.2877,49.4888],[-118.2419,49.6362],[-118.2883,49.791],[-118.3246,49.8306],[-118.3744,49.8246],[-118.3536,49.8946],[-118.4187,49.9136],[-118.4159,49.973],[-118.473,49.9884],[-118.4338,50.0138],[-118.4959,50.0326],[-118.3998,50.0334],[-118.3983,50.0788],[-118.2935,50.0978],[-118.2391,50.1963],[-118.2601,50.3343],[-118.3277,50.3487],[-118.2547,50.3972],[-118.2726,50.435],[-118.2121,50.4394],[-118.1761,50.4931],[-118.2153,50.5381],[-118.1695,50.5697],[-118.2063,50.6554],[-118.1707,50.6655],[-118.2146,50.6821],[-118.0766,50.6933],[-118.0138,50.6531],[-117.9779,50.5328],[-117.6377,50.5486],[-117.4997,50.4571],[-117.4733,50.4945],[-117.2957,50.497],[-117.2407,50.524],[-117.307,50.5724],[-117.2296,50.6321],[-117.2759,50.6713],[-117.2521,50.742],[-117.3978,50.7114],[-117.3823,50.7476],[-117.4587,50.8004],[-117.4906,50.8831],[-117.4176,50.9092],[-117.4386,50.9468],[-117.3475,51.0389]]]}},{"type":"Feature","id":"5905","properties":{"name":"Kootenay Boundary","st":"59"},"geometry":{"type":"Polygon","coordinates":[[[-119.1539,49.7995],[-119.0557,49.8123],[-118.3029,49.8081],[-118.2419,49.6362],[-118.2737,49.4196],[-118.1768,49.2493],[-118.1422,49.2777],[-117.7031,49.2653],[-117.6743,49.175],[-117.4719,49.1757],[-117.5211,49.0881],[-117.4654,49.0882],[-117.4697,49.0007],[-119.2949,49.0],[-119.2846,49.1348],[-119.181,49.2044],[-119.2374,49.2389],[-119.175,49.31],[-119.3004,49.3857],[-119.3021,49.5217],[-119.3759,49.679],[-119.2629,49.7448],[-119.1637,49.7578],[-119.1539,49.7995]]]}},{"type":"Feature","id":"5907","properties":{"name":"Okanagan-Similkameen","st":"59"},"geometry":{"type":"Polygon","coordinates":[[[-120.9596,49.7441],[-120.7044,49.7469],[-120.4857,49.7722],[-120.3301,49.912],[-120.2287,49.8959],[-120.2102,49.8593],[-120.0795,49.8346],[-120.0389,49.8566],[-119.9688,49.8196],[-119.9795,49.7663],[-119.837,49.7657],[-119.8359,49.7126],[-119.7287,49.7121],[-119.6975,49.7752],[-119.519,49.7529],[-119.5108,49.7254],[-119.4803,49.7447],[-119.3504,49.6361],[-119.3004,49.3857],[-119.175,49.31],[-119.2374,49.2389],[-119.181,49.2044],[-119.2846,49.1348],[-119.2949,49.0],[-120.8484,49.0001],[-120.8324,49.0423],[-120.9655,49.1038],[-120.8596,49.1308],[-120.8953,49.2145],[-120.8596,49.2082],[-120.8121,49.2844],[-120.9058,49.3057],[-120.9923,49.2729],[-120.9974,49.3137],[-121.1018,49.3486],[-121.0993,49.4411],[-121.0509,49.4737],[-121.0821,49.516],[-121.0379,49.5869],[-120.9627,49.6138],[-120.9596,49.7441]]]}},{"type":"Feature","id":"5909","properties":{"name":"Fraser Valley","st":"59"},"geometry":{"type":"Polygon","coordinates":[[[-122.7137,50.1488],[-122.6382,50.1233],[-122.1164,50.1073],[-122.0701,50.1264],[-122.0236,50.0858],[-121.9534,50.0907],[-121.8585,50.0464],[-121.848,50.0762],[-121.7535,50.0923],[-121.6622,50.081],[-121.6098,50.0419],[-121.3153,50.0525],[-121.2678,49.9638],[-121.32,49.8843],[-121.2655,49.8707],[-121.2082,49.8941],[-121.1576,49.8874],[-121.1698,49.861],[-121.0871,49.8565],[-121.2118,49.7793],[-121.1187,49.6777],[-121.1617,49.6209],[-121.1218,49.6098],[-120.9571,49.6702],[-120.9627,49.6138],[-121.0379,49.5869],[-121.0821,49.516],[-121.0509,49.4737],[-121.0993,49.4411],[-121.1018,49.3486],[-120.9974,49.3137],[-120.9923,49.2729],[-120.9058,49.3057],[-120.8121,49.2844],[-120.8596,49.2082],[-120.8953,49.2145],[-120.8596,49.1308],[-120.9655,49.1038],[-120.8324,49.0423],[-120.8484,49.0001],[-122.4592,49.0023],[-122.41,49.353],[-122.6033,49.3531],[-122.5279,49.4665],[-122.6081,49.5417],[-122.8161,49.5724],[-122.8538,49.666],[-122.8142,49.7112],[-122.8898,49.7988],[-122.8722,49.822],[-123.0025,49.8561],[-122.9365,49.9174],[-122.8925,49.894],[-122.6821,49.9773],[-122.6811,50.0247],[-122.7459,50.0173],[-122.8039,50.0559],[-122.7897,50.1301],[-122.7137,50.1488]]]}},{"type":"Feature","id":"5915","properties":{"name":"Greater Vancouver","st":"59"},"geometry":{"type":"Polygon","coordinates":[[[-123.1023,49.5478],[-122.9242,49.5484],[-122.9399,49.5712],[-122.7001,49.5736],[-122.6081,49.5417],[-122.5268,49.4623],[-122.6033,49.3531],[-122.41,49.353],[-122.4592,49.0023],[-123.3571,49.0028],[-123.4882,49.2053],[-123.7384,49.3123],[-123.4745,49.3072],[-123.3931,49.4084],[-123.303,49.4191],[-123.2749,49.4811],[-123.1028,49.4822],[-123.1023,49.5478]]]}},{"type":"Feature","id":"5917","properties":{"name":"Capital","st":"59"},"geometry":{"type":"Polygon","coordinates":[[[-123.5684,49.0183],[-123.3186,49.0001],[-123.0085,48.8312],[-123.0085,48.7671],[-123.2684,48.6936],[-123.218,48.5475],[-123.1138,48.4231],[-123.25,48.25],[-123.7557,48.2528],[-124.0,48.295],[-124.2763,48.3846],[-124.4994,48.4969],[-124.4902,48.6341],[-124.4213,48.6263],[-124.38,48.6953],[-124.2808,48.6807],[-124.2801,48.7212],[-124.1422,48.6357],[-123.9062,48.6523],[-123.8012,48.5939],[-123.821,48.575],[-123.7795,48.5746],[-123.7457,48.6229],[-123.6884,48.6221],[-123.6275,48.5324],[-123.5449,48.5357],[-123.5,48.6379],[-123.6251,48.8895],[-123.63,48.9819],[-123.5684,49.0183]]]}},{"type":"Feature","id":"5919","properties":{"name":"Cowichan Valley","st":"59"},"geometry":{"type":"Polygon","coordinates":[[[-124.5719,49.1487],[-124.5282,49.1242],[-124.5158,49.0511],[-124.4611,49.0592],[-124.5034,49.0279],[-124.4171,49.0255],[-124.3849,48.9821],[-124.2946,49.0133],[-124.0872,48.982],[-124.0619,49.0101],[-124.0102,48.9973],[-124.0348,49.0262],[-123.7404,49.0571],[-123.7125,49.1292],[-123.4348,49.1294],[-123.3571,49.0028],[-123.5684,49.0183],[-123.63,48.9819],[-123.6251,48.8895],[-123.5,48.6379],[-123.5449,48.5357],[-123.6275,48.5324],[-123.6884,48.6221],[-123.7457,48.6229],[-123.7795,48.5746],[-123.821,48.575],[-123.8012,48.5939],[-123.9062,48.6523],[-124.1422,48.6357],[-124.2801,48.7212],[-124.2808,48.6807],[-124.38,48.6953],[-124.4213,48.6263],[-124.4902,48.6341],[-124.4995,48.5],[-124.8451,48.5477],[-124.855,48.6832],[-124.7416,48.7448],[-124.6517,48.8683],[-124.5452,48.9105],[-124.6383,49.0143],[-124.6017,49.0146],[-124.6387,49.0756],[-124.6163,49.1041],[-124.5973,49.0756],[-124.5719,49.1487]]]}},{"type":"Feature","id":"5921","properties":{"name":"Nanaimo","st":"59"},"geometry":{"type":"Polygon","coordinates":[[[-124.9681,49.4334],[-124.7336,49.4047],[-124.7563,49.4702],[-124.4654,49.4698],[-124.3143,49.399],[-123.6703,49.2937],[-123.5113,49.223],[-123.4348,49.1294],[-123.7125,49.1292],[-123.7404,49.0571],[-124.0348,49.0262],[-124.0102,48.9973],[-124.0619,49.0101],[-124.0872,48.982],[-124.2946,49.0133],[-124.3849,48.9821],[-124.4171,49.0255],[-124.5034,49.0279],[-124.456,49.049],[-124.5158,49.0511],[-124.5499,49.1417],[-124.6988,49.175],[-124.6631,49.224],[-124.6984,49.2822],[-124.7475,49.2755],[-124.9681,49.4334]]]}},{"type":"Feature","id":"5923","properties":{"name":"Alberni-Clayoquot","st":"59"},"geometry":{"type":"Polygon","coordinates":[[[-126.5262,49.5401],[-126.4585,49.5771],[-126.3832,49.5607],[-126.3347,49.6059],[-126.2068,49.5512],[-126.1466,49.5787],[-126.0641,49.5512],[-125.9697,49.5849],[-125.761,49.5132],[-125.6431,49.5188],[-125.4998,49.4782],[-125.4343,49.5537],[-125.3816,49.5407],[-125.4265,49.6427],[-125.234,49.491],[-125.1342,49.5034],[-125.1432,49.5289],[-125.0691,49.4776],[-125.0225,49.4924],[-124.7707,49.2904],[-124.6984,49.2822],[-124.6631,49.224],[-124.6988,49.175],[-124.5905,49.1597],[-124.5774,49.1078],[-124.6387,49.0756],[-124.6017,49.0146],[-124.6383,49.0143],[-124.5393,48.9344],[-124.5588,48.8949],[-124.6528,48.8674],[-124.802,48.6966],[-124.855,48.6832],[-124.8429,48.5216],[-125.0971,48.5969],[-125.7998,48.9256],[-126.2515,49.251],[-126.594,49.348],[-126.6286,49.3996],[-126.6145,49.5404],[-126.5262,49.5401]]]}},{"type":"Feature","id":"5924","properties":{"name":"Strathcona","st":"59"},"geometry":{"type":"Polygon","coordinates":[[[-125.2146,51.3923],[-124.7998,51.3054],[-124.762,51.2382],[-124.6866,51.2045],[-124.4338,51.1484],[-124.369,51.2001],[-124.376,51.1427],[-124.1756,51.1321],[-124.1602,51.0423],[-124.0422,50.9426],[-124.0023,50.9647],[-123.9367,50.9362],[-123.8749,50.9507],[-123.8315,50.9045],[-123.7658,50.9108],[-123.714,50.8488],[-123.8273,50.8373],[-123.8012,50.7972],[-123.8643,50.7108],[-124.0499,50.8381],[-124.1093,50.7875],[-124.3112,50.8604],[-124.3819,50.7235],[-124.5984,50.6631],[-124.5134,50.4987],[-124.5741,50.4626],[-124.5752,50.4139],[-124.659,50.4115],[-124.7685,50.3219],[-124.6402,50.2775],[-124.6426,50.1914],[-124.8659,50.0853],[-124.8588,50.0052],[-124.9709,49.9994],[-124.8842,49.8732],[-125.1608,49.865],[-125.2258,49.8967],[-125.2786,49.8832],[-125.3266,49.9199],[-125.356,49.8745],[-125.4034,49.8745],[-125.3883,49.8362],[-125.4933,49.8367],[-125.5462,49.7561],[-125.4913,49.7408],[-125.5137,49.7102],[-125.3796,49.5479],[-125.4343,49.5537],[-125.4998,49.4782],[-125.6431,49.5188],[-125.761,49.5132],[-125.9697,49.5849],[-126.0641,49.5512],[-126.1466,49.5787],[-126.1798,49.5502],[-126.2438,49.5537],[-126.3309,49.6061],[-126.3832,49.5607],[-126.4585,49.5771],[-126.5065,49.5404],[-127.2949,49.5138],[-127.4521,49.5526],[-127.7832,49.7731],[-127.9235,49.9348],[-127.898,50.0554],[-127.9674,50.1222],[-127.7714,50.1468],[-127.5626,50.2923],[-127.3131,50.2308],[-127.2944,50.28],[-127.1787,50.2628],[-127.0948,50.3403],[-126.9728,50.2403],[-126.9905,50.1816],[-126.9037,50.1902],[-126.8396,50.1388],[-126.7812,50.1786],[-126.791,50.1248],[-126.6471,50.0934],[-126.6979,50.0597],[-126.672,50.018],[-126.5587,50.0295],[-126.5716,49.9902],[-126.4817,49.955],[-126.46,49.9069],[-126.3488,49.9201],[-126.3525,49.9478],[-126.2263,50.0162],[-126.2542,50.069],[-126.2257,50.1232],[-126.1603,50.1214],[-126.0446,50.1806],[-125.9954,50.2822],[-126.0554,50.3311],[-125.9949,50.3404],[-126.0006,50.3635],[-126.056,50.4046],[-126.1111,50.3976],[-126.109,50.4712],[-126.3138,50.5153],[-126.1916,50.5373],[-126.2022,50.5728],[-125.9433,50.6324],[-125.8563,50.64],[-125.8278,50.5737],[-125.6052,50.6094],[-125.5499,50.7741],[-125.5032,50.7942],[-125.5445,50.8317],[-125.5049,50.8429],[-125.497,50.9007],[-125.4157,50.9431],[-125.2528,50.9627],[-125.3278,51.0427],[-125.2429,51.0642],[-125.2967,51.1035],[-125.2601,51.1604],[-125.3315,51.1997],[-125.3286,51.2496],[-125.2037,51.3232],[-125.2667,51.3769],[-125.2146,51.3923]]]}},{"type":"Feature","id":"5926","properties":{"name":"Comox Valley","st":"59"},"geometry":{"type":"Polygon","coordinates":[[[-125.3293,49.9198],[-125.1608,49.865],[-124.8841,49.8732],[-124.7204,49.6855],[-124.5141,49.563],[-124.4651,49.4698],[-124.7563,49.4702],[-124.7336,49.4047],[-124.8231,49.4049],[-124.8593,49.4331],[-124.9708,49.4335],[-125.0225,49.4924],[-125.0691,49.4776],[-125.1405,49.5289],[-125.1342,49.5034],[-125.234,49.491],[-125.5481,49.7626],[-125.4933,49.8367],[-125.3828,49.8397],[-125.4034,49.8745],[-125.356,49.8745],[-125.3293,49.9198]]]}},{"type":"Feature","id":"5929","properties":{"name":"Sunshine Coast","st":"59"},"geometry":{"type":"Polygon","coordinates":[[[-124.1367,50.3526],[-124.0758,50.3664],[-123.9625,50.3394],[-123.91,50.3594],[-123.8704,50.3027],[-123.6984,50.2295],[-123.7268,50.1955],[-123.6399,50.2125],[-123.642,50.173],[-123.5813,50.174],[-123.5979,50.0989],[-123.6491,50.0848],[-123.6152,50.0558],[-123.634,50.0004],[-123.6049,50.0125],[-123.5863,49.9711],[-123.6206,49.929],[-123.5492,49.9186],[-123.5781,49.8458],[-123.4571,49.9104],[-123.3284,49.8514],[-123.2725,49.7709],[-123.2806,49.7467],[-123.3357,49.7473],[-123.364,49.6744],[-123.2764,49.5691],[-123.245,49.5763],[-123.2889,49.4399],[-123.3931,49.4084],[-123.4745,49.3072],[-123.7384,49.3123],[-124.04,49.365],[-124.0922,49.5561],[-124.2919,49.7015],[-124.2205,49.7573],[-124.0255,49.8252],[-124.0676,50.0006],[-124.1508,50.061],[-124.1369,50.1355],[-124.0694,50.1506],[-124.0775,50.2096],[-124.1752,50.2224],[-124.1367,50.3526]]]}},{"type":"Feature","id":"5931","properties":{"name":"Squamish-Lillooet","st":"59"},"geometry":{"type":"Polygon","coordinates":[[[-123.0679,51.2203],[-122.776,51.1376],[-122.7102,51.1624],[-122.7075,51.125],[-122.626,51.0799],[-122.5794,51.1034],[-122.5941,51.1734],[-122.5221,51.2094],[-122.4653,51.1142],[-122.3763,51.107],[-122.3064,51.0444],[-122.1441,51.0149],[-122.1653,50.9903],[-121.6275,50.9961],[-121.6253,50.896],[-121.7199,50.8377],[-121.766,50.7502],[-121.7846,50.5169],[-121.8721,50.422],[-121.955,50.4013],[-122.1315,50.4284],[-122.1529,50.3516],[-122.2419,50.3223],[-122.2346,50.2751],[-122.3031,50.2494],[-122.2677,50.2224],[-122.3136,50.1723],[-122.2584,50.1234],[-122.6382,50.1233],[-122.7256,50.1537],[-122.7897,50.1301],[-122.8039,50.0559],[-122.7459,50.0173],[-122.6811,50.0247],[-122.6821,49.9773],[-122.8925,49.894],[-122.9365,49.9174],[-123.0025,49.8561],[-122.8722,49.822],[-122.8898,49.7988],[-122.8142,49.7112],[-122.8538,49.666],[-122.8161,49.5724],[-123.1023,49.5478],[-123.1028,49.4822],[-123.2749,49.4811],[-123.245,49.5763],[-123.2764,49.5691],[-123.364,49.6744],[-123.3357,49.7473],[-123.2767,49.75],[-123.3284,49.8514],[-123.4735,49.9121],[-123.5781,49.8458],[-123.5492,49.9186],[-123.6206,49.929],[-123.5863,49.9711],[-123.6049,50.0125],[-123.634,50.0004],[-123.6152,50.0558],[-123.6491,50.0848],[-123.5979,50.0989],[-123.5813,50.174],[-123.642,50.173],[-123.6399,50.2125],[-123.7268,50.1955],[-123.7058,50.2351],[-123.8704,50.3027],[-123.9615,50.4883],[-123.9964,50.4739],[-124.0033,50.4968],[-123.9251,50.5315],[-123.7441,50.5381],[-123.7279,50.6973],[-123.7783,50.7236],[-123.8199,50.7038],[-123.8673,50.7478],[-123.8012,50.7972],[-123.8235,50.8398],[-123.714,50.8488],[-123.7582,50.8835],[-123.6668,50.8769],[-123.3838,51.0043],[-123.3138,50.9813],[-123.2434,51.0004],[-123.2351,51.0581],[-123.1287,51.1326],[-123.0491,51.1435],[-123.0679,51.2203]]]}},{"type":"Feature","id":"5933","properties":{"name":"Thompson-Nicola","st":"59"},"geometry":{"type":"Polygon","coordinates":[[[-120.3129,52.8587],[-120.1425,52.8767],[-120.0223,52.7553],[-119.8664,52.6804],[-119.7683,52.6603],[-119.6179,52.706],[-119.5238,52.6277],[-119.3657,52.6562],[-119.3644,52.6325],[-119.0561,52.6333],[-119.0378,52.5964],[-118.9276,52.5688],[-118.8851,52.4784],[-118.9479,52.3912],[-118.9264,52.3536],[-118.7865,52.3083],[-118.9002,52.2383],[-118.8378,52.2322],[-118.8032,52.1772],[-118.8667,52.1024],[-118.8513,52.0494],[-118.9362,52.0341],[-118.9719,51.9881],[-118.891,51.9541],[-118.9085,51.9281],[-118.9891,51.9296],[-118.9614,51.8106],[-118.8855,51.7786],[-118.9239,51.6896],[-119.0099,51.6873],[-118.9578,51.6011],[-118.9535,51.4613],[-119.187,51.3545],[-119.2372,51.2681],[-119.4407,51.2218],[-119.5257,51.1066],[-119.5369,50.9836],[-119.7045,50.9837],[-119.6423,50.9257],[-119.6697,50.8656],[-119.5168,50.8673],[-119.5165,50.8386],[-119.4608,50.8384],[-119.4621,50.7506],[-119.5247,50.7509],[-119.5255,50.5766],[-119.6499,50.5748],[-119.6335,50.3763],[-119.7205,50.3172],[-119.6823,50.2624],[-119.751,50.2602],[-119.7658,50.2033],[-119.8328,50.1838],[-119.7411,50.116],[-119.8283,49.983],[-119.9435,49.9184],[-120.0295,49.9119],[-120.0795,49.8346],[-120.3336,49.9117],[-120.4857,49.7722],[-120.7044,49.7469],[-120.9485,49.7606],[-120.9624,49.6735],[-121.1218,49.6098],[-121.1708,49.6484],[-121.1187,49.6777],[-121.2118,49.7793],[-121.0871,49.8565],[-121.1698,49.861],[-121.1576,49.8874],[-121.2082,49.8941],[-121.2655,49.8707],[-121.32,49.8843],[-121.2678,49.9638],[-121.3153,50.0525],[-121.6098,50.0419],[-121.6622,50.081],[-121.7535,50.0923],[-121.8958,50.0496],[-122.0701,50.1264],[-122.2299,50.1105],[-122.3136,50.1723],[-122.2677,50.2224],[-122.3031,50.2494],[-122.2346,50.2751],[-122.2419,50.3223],[-122.1529,50.3516],[-122.1315,50.4284],[-121.955,50.4013],[-121.8721,50.422],[-121.7846,50.5169],[-121.766,50.7502],[-121.7199,50.8377],[-121.6253,50.896],[-121.6275,50.9961],[-122.1653,50.9903],[-122.1441,51.0149],[-122.3064,51.0444],[-122.3763,51.107],[-122.4653,51.1142],[-122.5545,51.24],[-122.6309,51.2488],[-122.6769,51.3],[-122.6132,51.3728],[-122.6381,51.4066],[-122.5594,51.4354],[-122.5597,51.4851],[-122.3303,51.5242],[-121.8857,51.5178],[-121.8859,51.5661],[-121.5266,51.5477],[-121.5251,51.4511],[-121.4262,51.4367],[-121.4206,51.3776],[-121.2822,51.3768],[-121.1235,51.4409],[-120.5607,51.4346],[-120.5584,51.6645],[-120.3457,51.7276],[-120.3794,51.7624],[-120.329,51.7756],[-120.305,51.8314],[-120.2192,51.8286],[-120.2724,51.8888],[-120.2737,51.9743],[-120.3453,51.9755],[-120.2884,52.0129],[-120.3081,52.1403],[-120.4076,52.1443],[-120.3951,52.2042],[-120.4935,52.2805],[-120.4665,52.3044],[-120.5349,52.3294],[-120.4592,52.4212],[-120.5422,52.4661],[-120.4077,52.5345],[-120.363,52.5281],[-120.2377,52.6208],[-120.2897,52.6578],[-120.2544,52.6774],[-120.2738,52.7459],[-120.3397,52.7882],[-120.3129,52.8587]]]}},{"type":"Feature","id":"5935","properties":{"name":"Central Okanagan","st":"59"},"geometry":{"type":"Polygon","coordinates":[[[-119.7618,50.2328],[-119.4595,50.2312],[-119.4743,50.15],[-119.1461,50.1512],[-119.1734,50.0497],[-118.8689,50.0528],[-118.8099,50.0218],[-118.808,49.9556],[-118.9642,49.9037],[-119.0655,49.7982],[-119.1539,49.7995],[-119.1637,49.7578],[-119.2629,49.7448],[-119.3728,49.6786],[-119.427,49.6754],[-119.4859,49.7464],[-119.5108,49.7254],[-119.519,49.7529],[-119.6975,49.7752],[-119.7287,49.7121],[-119.8359,49.7126],[-119.837,49.7657],[-119.9795,49.7663],[-119.9688,49.8196],[-120.0568,49.8683],[-120.0295,49.9119],[-119.9435,49.9184],[-119.7619,50.0476],[-119.7428,50.1193],[-119.8328,50.1838],[-119.7658,50.2033],[-119.7618,50.2328]]]}},{"type":"Feature","id":"5937","properties":{"name":"North Okanagan","st":"59"},"geometry":{"type":"Polygon","coordinates":[[[-118.6128,50.9246],[-118.5338,50.9346],[-118.4064,50.8819],[-118.2686,50.8935],[-118.2638,50.7889],[-118.2059,50.7389],[-118.2135,50.68],[-118.1707,50.6655],[-118.2063,50.6554],[-118.1695,50.5697],[-118.2153,50.5381],[-118.1761,50.4931],[-118.2121,50.4394],[-118.2726,50.435],[-118.2547,50.3972],[-118.3277,50.3487],[-118.2553,50.3256],[-118.2524,50.1691],[-118.2935,50.0978],[-118.3983,50.0788],[-118.3998,50.0334],[-118.4959,50.0336],[-118.4338,50.0138],[-118.473,49.9884],[-118.4159,49.973],[-118.4187,49.9136],[-118.3536,49.8946],[-118.3744,49.8246],[-118.3046,49.8123],[-119.0557,49.8123],[-118.9642,49.9037],[-118.808,49.9556],[-118.8146,50.0258],[-118.8992,50.0548],[-119.1734,50.0497],[-119.1461,50.1512],[-119.4743,50.15],[-119.4717,50.2349],[-119.7628,50.2382],[-119.6817,50.263],[-119.7205,50.3172],[-119.6661,50.3332],[-119.6522,50.3956],[-119.5819,50.4457],[-119.3178,50.4161],[-119.3289,50.47],[-119.2632,50.485],[-119.3085,50.5286],[-119.1834,50.5278],[-119.1803,50.7501],[-118.858,50.7573],[-118.7781,50.826],[-118.6677,50.8193],[-118.6128,50.9246]]]}},{"type":"Feature","id":"5939","properties":{"name":"Columbia-Shuswap","st":"59"},"geometry":{"type":"Polygon","coordinates":[[[-117.9878,52.5],[-117.8869,52.4261],[-117.7665,52.4177],[-117.7058,52.3653],[-117.8396,52.2741],[-117.8183,52.2264],[-117.6635,52.1979],[-117.6113,52.1443],[-117.3813,52.1377],[-117.3173,52.194],[-117.3051,52.0743],[-117.2147,52.0285],[-117.196,51.9791],[-117.0108,51.8897],[-117.0335,51.8564],[-116.9798,51.8356],[-116.9764,51.7602],[-116.9206,51.7098],[-116.8097,51.7053],[-116.749,51.8051],[-116.6591,51.8052],[-116.5854,51.7128],[-116.595,51.6618],[-116.3909,51.5456],[-116.3606,51.4709],[-116.284,51.4565],[-116.3114,51.385],[-116.2634,51.2218],[-116.3462,51.203],[-116.2565,51.1408],[-116.4185,51.0366],[-116.3183,50.9491],[-116.6287,50.9207],[-116.7271,50.8803],[-116.7653,50.8457],[-116.7454,50.7713],[-116.8096,50.7266],[-116.8321,50.7607],[-117.0381,50.815],[-117.0415,50.8564],[-117.0839,50.8646],[-117.0331,50.9581],[-117.1552,50.9758],[-117.1301,51.0181],[-117.1627,51.0443],[-117.2107,51.0661],[-117.3475,51.0389],[-117.4386,50.9468],[-117.4176,50.9092],[-117.4906,50.8831],[-117.4587,50.8004],[-117.3823,50.7476],[-117.3978,50.7114],[-117.2521,50.742],[-117.2759,50.6713],[-117.2296,50.6321],[-117.307,50.5724],[-117.2407,50.524],[-117.3427,50.4834],[-117.4733,50.4945],[-117.4997,50.4571],[-117.6377,50.5486],[-117.9779,50.5328],[-118.0138,50.6531],[-118.0766,50.6933],[-118.2073,50.6903],[-118.2945,50.8646],[-118.2686,50.8935],[-118.4064,50.8819],[-118.5338,50.9346],[-118.6128,50.9246],[-118.6677,50.8193],[-118.7781,50.826],[-118.858,50.7573],[-119.1803,50.7501],[-119.1834,50.5278],[-119.3085,50.5286],[-119.2632,50.485],[-119.3289,50.47],[-119.3178,50.4161],[-119.5819,50.4457],[-119.6514,50.4021],[-119.6499,50.5748],[-119.5255,50.5766],[-119.5247,50.7509],[-119.4621,50.7506],[-119.4608,50.8384],[-119.5165,50.8386],[-119.5168,50.8673],[-119.6697,50.8656],[-119.6423,50.9257],[-119.7045,50.9837],[-119.5369,50.9836],[-119.5257,51.1066],[-119.4407,51.2218],[-119.2372,51.2681],[-119.187,51.3545],[-118.9535,51.4613],[-118.9578,51.6011],[-119.0099,51.6873],[-118.9239,51.6896],[-118.8855,51.7331],[-118.8858,51.783],[-118.9421,51.7933],[-118.9901,51.8646],[-118.9878,51.9313],[-118.9139,51.9268],[-118.891,51.9541],[-118.9719,51.9772],[-118.9418,52.0304],[-118.8513,52.0494],[-118.829,52.1679],[-118.752,52.1852],[-118.6763,52.1515],[-118.5824,52.193],[-118.4931,52.3125],[-118.3536,52.3661],[-118.2542,52.348],[-118.138,52.4075],[-118.0442,52.3985],[-118.0507,52.4571],[-117.9878,52.5]]]}},{"type":"Feature","id":"4613","properties":{"name":"Division No. 13","st":"46"},"geometry":{"type":"Polygon","coordinates":[[[-96.6308,50.5477],[-96.5373,50.5331],[-96.5376,50.416],[-96.4454,50.4153],[-96.4453,50.3263],[-96.3532,50.3268],[-96.353,50.2827],[-96.6283,50.2837],[-96.6271,50.2394],[-96.6799,50.2395],[-96.7045,50.0624],[-96.8537,50.0629],[-97.0015,49.9673],[-96.9966,49.9304],[-97.1494,49.9939],[-97.1839,49.9755],[-97.1839,50.0639],[-97.1151,50.0638],[-97.1143,50.507],[-96.9526,50.4916],[-96.9492,50.4309],[-96.8903,50.4008],[-96.697,50.3882],[-96.5744,50.4482],[-96.6308,50.5477]]]}},{"type":"Feature","id":"5927","properties":{"name":"Powell River","st":"59"},"geometry":{"type":"Polygon","coordinates":[[[-124.2621,50.8244],[-124.1093,50.7875],[-124.0499,50.8381],[-123.8643,50.7108],[-123.7783,50.7236],[-123.7279,50.6973],[-123.7441,50.5381],[-123.9988,50.5055],[-123.91,50.3594],[-123.9625,50.3394],[-124.0758,50.3664],[-124.1595,50.3334],[-124.1752,50.2224],[-124.0705,50.2015],[-124.0694,50.1506],[-124.1369,50.1355],[-124.1508,50.061],[-124.0676,50.0006],[-124.0255,49.8252],[-124.2205,49.7573],[-124.2919,49.7015],[-124.0922,49.5561],[-124.04,49.365],[-124.3143,49.399],[-124.4309,49.4419],[-124.5017,49.4999],[-124.5141,49.563],[-124.749,49.7103],[-124.9701,49.9926],[-124.855,50.0076],[-124.8659,50.0853],[-124.6291,50.2123],[-124.6583,50.292],[-124.7685,50.3219],[-124.659,50.4115],[-124.5752,50.4139],[-124.5741,50.4626],[-124.5134,50.4987],[-124.5984,50.6631],[-124.3819,50.7235],[-124.3112,50.8604],[-124.2611,50.8571],[-124.2621,50.8244]]]}},{"type":"Feature","id":"4612","properties":{"name":"Division No. 12","st":"46"},"geometry":{"type":"Polygon","coordinates":[[[-96.6283,50.2837],[-96.353,50.2827],[-96.3657,49.7961],[-97.0262,49.7976],[-97.0269,49.8711],[-96.956,49.886],[-96.9648,49.9156],[-97.0252,49.9154],[-97.0015,49.9673],[-96.8535,50.063],[-96.7045,50.0624],[-96.6799,50.2395],[-96.6271,50.2394],[-96.6283,50.2837]]]}},{"type":"Feature","id":"4614","properties":{"name":"Division No. 14","st":"46"},"geometry":{"type":"Polygon","coordinates":[[[-97.1143,50.507],[-97.1151,50.0638],[-97.1839,50.0639],[-97.2296,49.9165],[-97.4705,49.9236],[-97.6026,50.0123],[-97.6426,50.0197],[-97.6519,49.9964],[-97.7351,50.0638],[-97.9275,50.0836],[-98.0091,50.065],[-98.0145,50.3071],[-97.9762,50.3294],[-97.5987,50.3296],[-97.6246,50.4182],[-97.4605,50.4188],[-97.4614,50.507],[-97.1143,50.507]]]}},{"type":"Feature","id":"4615","properties":{"name":"Division No. 15","st":"46"},"geometry":{"type":"Polygon","coordinates":[[[-100.2542,50.6829],[-100.2532,50.7124],[-100.102,50.7197],[-100.0204,50.6534],[-99.8343,50.6524],[-99.8343,50.5945],[-99.6949,50.5944],[-99.6949,50.6388],[-99.4152,50.6392],[-99.4007,50.2405],[-99.4317,50.2114],[-99.4886,50.2104],[-99.4886,50.2405],[-99.6603,50.2403],[-99.6602,50.0634],[-101.4473,50.064],[-101.477,50.5944],[-100.5313,50.5945],[-100.5314,50.7271],[-100.3689,50.7265],[-100.3689,50.683],[-100.2542,50.6829]],[[-99.4317,50.2278],[-99.4298,50.2266],[-99.4298,50.2279],[-99.4317,50.2278]]]}},{"type":"Feature","id":"4616","properties":{"name":"Division No. 16","st":"46"},"geometry":{"type":"Polygon","coordinates":[[[-101.2665,51.6214],[-101.2598,51.4493],[-100.9787,51.4493],[-100.9766,51.2577],[-100.883,51.2576],[-100.884,51.1989],[-100.9768,51.2137],[-100.9487,50.8597],[-100.6713,50.8598],[-100.6713,50.7712],[-100.5319,50.7713],[-100.5313,50.5945],[-101.5087,50.5944],[-101.5705,51.5664],[-101.3996,51.565],[-101.399,51.6211],[-101.2665,51.6214]]]}},{"type":"Feature","id":"5941","properties":{"name":"Cariboo","st":"59"},"geometry":{"type":"Polygon","coordinates":[[[-126.6091,53.0003],[-125.0003,53.0003],[-125.0017,53.4468],[-124.8988,53.4353],[-124.7283,53.3554],[-124.6612,53.4087],[-124.6288,53.386],[-124.5158,53.3946],[-124.5612,53.4675],[-124.5185,53.477],[-124.528,53.5311],[-124.3813,53.5019],[-124.381,53.4548],[-124.2947,53.4555],[-124.2808,53.4804],[-124.2154,53.4207],[-124.1448,53.4082],[-123.9976,53.444],[-123.9976,53.4843],[-123.3017,53.4702],[-123.2922,53.2811],[-123.2147,53.3015],[-122.9689,53.2813],[-122.7684,53.386],[-122.3486,53.3735],[-122.3481,53.4401],[-122.2754,53.456],[-121.2883,53.4457],[-121.1977,53.3791],[-121.0083,53.4304],[-121.0182,53.3298],[-120.9761,53.2809],[-120.9228,53.3071],[-120.8112,53.2878],[-120.7875,53.2566],[-120.709,53.2638],[-120.4227,53.1066],[-120.4253,53.0678],[-120.4884,53.0546],[-120.4342,52.9726],[-120.327,52.9248],[-120.1591,52.9213],[-120.1653,52.862],[-120.2827,52.8687],[-120.3342,52.8331],[-120.2549,52.6841],[-120.2897,52.6578],[-120.2377,52.6208],[-120.363,52.5281],[-120.4077,52.5345],[-120.5422,52.4661],[-120.4592,52.4212],[-120.5349,52.3294],[-120.4665,52.3044],[-120.4935,52.2805],[-120.3951,52.2042],[-120.4076,52.1443],[-120.3081,52.1403],[-120.2884,52.0129],[-120.3453,51.9755],[-120.2737,51.9743],[-120.2724,51.8888],[-120.2192,51.8286],[-120.305,51.8314],[-120.329,51.7756],[-120.3794,51.7624],[-120.3457,51.7276],[-120.5584,51.6645],[-120.5607,51.4346],[-121.1235,51.4409],[-121.2822,51.3768],[-121.4206,51.3776],[-121.4262,51.4367],[-121.5251,51.4511],[-121.5266,51.5477],[-121.6311,51.564],[-121.8859,51.5661],[-121.8857,51.5178],[-122.4086,51.5158],[-122.4692,51.4821],[-122.5597,51.4851],[-122.5594,51.4354],[-122.6382,51.4063],[-122.6132,51.3728],[-122.6749,51.2744],[-122.5303,51.2092],[-122.5941,51.1734],[-122.6041,51.0862],[-122.6835,51.1041],[-122.7102,51.1624],[-122.8225,51.1448],[-123.0679,51.2203],[-123.0491,51.1435],[-123.1287,51.1326],[-123.2351,51.0581],[-123.2434,51.0004],[-123.3138,50.9813],[-123.3838,51.0043],[-123.6668,50.8769],[-123.7582,50.8835],[-123.8749,50.9507],[-123.9367,50.9362],[-124.0023,50.9647],[-124.0422,50.9426],[-124.1602,51.0423],[-124.1756,51.1321],[-124.376,51.1427],[-124.369,51.2001],[-124.4338,51.1484],[-124.6866,51.2045],[-124.762,51.2382],[-124.7998,51.3054],[-124.8879,51.3304],[-125.1312,51.3641],[-125.1853,51.4002],[-125.2667,51.3769],[-125.3266,51.3959],[-125.3452,51.4789],[-125.2896,51.4756],[-125.2418,51.5182],[-125.2675,51.5491],[-125.2353,51.5703],[-125.296,51.5894],[-125.2291,51.6444],[-125.2377,51.7486],[-125.5136,51.8682],[-125.5155,51.9339],[-125.5753,51.9134],[-125.6163,51.9879],[-125.5796,52.0556],[-125.6443,52.052],[-125.6739,52.1092],[-125.5729,52.1731],[-125.4626,52.1869],[-125.5138,52.2427],[-125.3495,52.3372],[-125.3557,52.376],[-125.4798,52.4022],[-125.456,52.4715],[-125.5301,52.497],[-125.6205,52.5112],[-125.7495,52.4797],[-125.8546,52.5792],[-125.8556,52.6321],[-126.1183,52.5881],[-126.2123,52.4949],[-126.2704,52.5412],[-126.3444,52.5245],[-126.4457,52.6542],[-126.346,52.7021],[-126.3357,52.8295],[-126.5303,52.7752],[-126.6392,52.846],[-126.5873,52.8794],[-126.6461,52.9419],[-126.6091,53.0003]]]}},{"type":"Feature","id":"5943","properties":{"name":"Mount Waddington","st":"59"},"geometry":{"type":"Polygon","coordinates":[[[-129.0844,50.9656],[-127.8624,51.0967],[-127.7929,51.1562],[-127.7353,51.1595],[-127.7382,51.1887],[-127.5093,51.1858],[-127.4099,51.2292],[-127.2081,51.1972],[-126.9225,51.242],[-126.8554,51.3225],[-126.7623,51.3025],[-126.6989,51.4796],[-126.5854,51.4063],[-126.4384,51.4872],[-126.1903,51.4366],[-126.1066,51.4622],[-126.118,51.5183],[-126.0507,51.5926],[-125.9818,51.5807],[-125.9103,51.6143],[-125.9983,51.7237],[-125.9144,51.8902],[-125.8729,51.8972],[-125.8808,51.9634],[-125.7397,52.0123],[-125.6567,51.9241],[-125.5979,51.9008],[-125.526,51.9384],[-125.4875,51.9158],[-125.5136,51.8682],[-125.2377,51.7486],[-125.2291,51.6444],[-125.296,51.5894],[-125.2353,51.5703],[-125.2675,51.5491],[-125.2418,51.5182],[-125.2896,51.4756],[-125.3452,51.4789],[-125.3116,51.4594],[-125.333,51.402],[-125.2037,51.3232],[-125.3286,51.2496],[-125.3315,51.1997],[-125.2601,51.1604],[-125.2967,51.1035],[-125.2429,51.0642],[-125.3278,51.0427],[-125.2528,50.9627],[-125.4157,50.9431],[-125.497,50.9007],[-125.5049,50.8429],[-125.5445,50.8317],[-125.5032,50.7942],[-125.5499,50.7741],[-125.6052,50.6094],[-125.8278,50.5737],[-125.8563,50.64],[-125.9433,50.6324],[-126.2022,50.5728],[-126.1916,50.5373],[-126.311,50.5181],[-126.3195,50.499],[-126.109,50.4712],[-126.1111,50.3976],[-126.056,50.4046],[-126.0006,50.3635],[-125.9949,50.3404],[-126.0554,50.3311],[-125.9954,50.2822],[-126.0446,50.1806],[-126.1603,50.1214],[-126.2257,50.1232],[-126.2542,50.069],[-126.2263,50.0162],[-126.3762,49.9083],[-126.466,49.9088],[-126.4781,49.9523],[-126.5716,49.9902],[-126.5587,50.0295],[-126.672,50.018],[-126.6979,50.0597],[-126.6471,50.0934],[-126.791,50.1248],[-126.7812,50.1786],[-126.8396,50.1388],[-126.9037,50.1902],[-126.9905,50.1816],[-126.9728,50.2403],[-127.067,50.336],[-127.1787,50.2628],[-127.2944,50.28],[-127.3131,50.2308],[-127.5626,50.2923],[-127.7714,50.1468],[-127.9674,50.1222],[-127.898,50.0554],[-127.9234,49.9345],[-128.0682,50.045],[-128.5705,50.2751],[-129.0763,50.707],[-129.1195,50.8128],[-129.0844,50.9656]]]}},{"type":"Feature","id":"5945","properties":{"name":"Central Coast","st":"59"},"geometry":{"type":"Polygon","coordinates":[[[-127.2242,53.2503],[-127.1509,53.2812],[-127.0993,53.2334],[-127.0155,53.309],[-126.9789,53.2631],[-127.0507,53.2066],[-127.0037,53.1588],[-127.013,53.0751],[-126.8412,53.1104],[-126.7899,53.0005],[-126.7239,52.9926],[-126.6497,53.0323],[-126.6091,53.0003],[-126.6461,52.9419],[-126.5873,52.8794],[-126.6392,52.846],[-126.5303,52.7752],[-126.3357,52.8295],[-126.346,52.7021],[-126.4457,52.6542],[-126.3444,52.5245],[-126.2704,52.5412],[-126.2123,52.4949],[-126.1183,52.5881],[-126.0468,52.5816],[-126.0107,52.6138],[-125.871,52.6336],[-125.7495,52.4797],[-125.6205,52.5112],[-125.4625,52.4785],[-125.4798,52.4022],[-125.384,52.3957],[-125.3437,52.3449],[-125.5109,52.2469],[-125.4626,52.1869],[-125.5729,52.1731],[-125.6688,52.122],[-125.6591,52.0606],[-125.5796,52.0556],[-125.6163,51.9879],[-125.5768,51.9103],[-125.6567,51.9241],[-125.7397,52.0123],[-125.8764,51.9699],[-125.8729,51.8972],[-125.9144,51.8902],[-125.9983,51.7237],[-125.9103,51.6143],[-125.9818,51.5807],[-126.0507,51.5926],[-126.118,51.5183],[-126.1066,51.4622],[-126.1724,51.4359],[-126.363,51.4536],[-126.4384,51.4872],[-126.5854,51.4063],[-126.6989,51.4796],[-126.7623,51.3025],[-126.8554,51.3225],[-126.9504,51.2359],[-127.2081,51.1972],[-127.235,51.2194],[-127.4428,51.2277],[-127.5093,51.1858],[-127.7382,51.1887],[-127.7353,51.1595],[-127.7929,51.1562],[-127.9179,51.0763],[-129.0844,50.9656],[-129.0,51.2005],[-129.0,51.8211],[-129.0681,52.0001],[-128.8222,52.0001],[-128.8066,52.1462],[-128.6192,52.242],[-128.459,52.4375],[-128.3489,52.4765],[-128.1769,52.4842],[-128.1969,52.5805],[-128.1256,52.6173],[-128.1348,52.6865],[-127.9385,52.721],[-127.9125,52.676],[-127.8098,52.6645],[-127.6792,52.7913],[-127.5972,52.7793],[-127.6164,52.7327],[-127.5627,52.691],[-127.4905,52.6926],[-127.3738,52.7503],[-127.3528,52.8082],[-127.2222,52.8224],[-127.2977,52.9077],[-127.2369,52.9618],[-127.2435,53.0164],[-127.4435,53.0918],[-127.4766,53.1392],[-127.4058,53.1843],[-127.3552,53.18],[-127.3613,53.2283],[-127.3068,53.2155],[-127.2669,53.2775],[-127.2242,53.2503]]]}},{"type":"Feature","id":"5947","properties":{"name":"Skeena-Queen Charlotte","st":"59"},"geometry":{"type":"Polygon","coordinates":[[[-133.244,54.6459],[-130.3884,54.6919],[-130.1818,54.7321],[-129.9656,54.6989],[-129.7954,54.7458],[-129.7639,54.7228],[-129.7143,54.7437],[-129.6652,54.6893],[-129.4639,54.6603],[-129.5183,54.5998],[-129.5758,54.6376],[-129.6625,54.6209],[-129.6923,54.5273],[-129.676,54.4819],[-129.525,54.4385],[-129.4757,54.3682],[-129.3711,54.3565],[-129.3735,53.7965],[-129.2052,53.6327],[-129.2022,53.3273],[-129.2898,53.348],[-129.3034,53.3023],[-129.4322,53.2623],[-129.4384,53.211],[-130.1025,53.0286],[-130.515,53.2141],[-130.6998,53.3664],[-130.7564,53.263],[-130.9765,53.1182],[-131.038,53.0317],[-131.04,52.8973],[-130.9706,52.7437],[-130.5165,52.1222],[-130.457,51.9691],[-131.025,51.8861],[-131.6137,52.0213],[-131.9387,52.1512],[-132.3133,52.3936],[-132.5,52.5601],[-132.5,52.75],[-132.7583,52.75],[-132.9569,52.9943],[-133.2338,53.7201],[-133.244,54.6459]]]}},{"type":"Feature","id":"5949","properties":{"name":"Kitimat-Stikine","st":"59"},"geometry":{"type":"Polygon","coordinates":[[[-128.9432,59.0023],[-129.0021,57.1644],[-128.7263,57.0421],[-128.6489,56.9198],[-128.6933,56.8784],[-128.6189,56.8779],[-128.3585,56.753],[-128.1887,56.7378],[-128.1765,56.6434],[-128.0711,56.6666],[-127.9895,56.6113],[-127.9162,56.6151],[-127.8437,56.5488],[-127.9775,56.5207],[-127.999,56.4283],[-128.0801,56.4141],[-128.1635,56.4535],[-128.2802,56.4094],[-128.088,56.3212],[-128.2021,56.3009],[-128.2841,56.2466],[-128.2787,56.1103],[-128.5226,56.0838],[-128.3646,56.0032],[-128.4393,56.003],[-128.4856,55.9448],[-128.3869,55.9143],[-128.2754,55.9361],[-128.189,55.9108],[-128.1429,55.8465],[-128.2406,55.768],[-128.1802,55.7277],[-128.1151,55.7214],[-128.0878,55.7702],[-128.0044,55.7521],[-127.9492,55.6861],[-127.9024,55.72],[-127.7133,55.7108],[-127.4489,55.4997],[-127.3002,55.5121],[-127.0466,55.3755],[-126.8929,55.381],[-126.8534,55.3608],[-126.8678,55.3028],[-126.954,55.282],[-126.88,55.269],[-126.8381,55.2219],[-126.7658,55.2202],[-126.7349,55.1603],[-126.6447,55.1245],[-126.7162,55.0641],[-126.88,55.0599],[-126.9372,55.0],[-127.801,54.9995],[-127.8101,54.6067],[-127.6873,54.5784],[-127.7712,54.5259],[-127.7796,54.4674],[-127.7577,54.4431],[-127.6939,54.4636],[-127.5546,54.4464],[-127.5323,54.3834],[-127.6655,54.2773],[-127.666,54.23],[-127.75,54.2041],[-127.7217,54.124],[-127.826,54.1019],[-127.8925,54.0221],[-128.0002,53.995],[-128.0127,53.875],[-127.9011,53.7451],[-127.8201,53.7277],[-127.8141,53.6623],[-127.7493,53.6081],[-127.7694,53.5576],[-127.6493,53.5336],[-127.6144,53.5682],[-127.5067,53.4581],[-127.435,53.4909],[-127.2587,53.3022],[-127.2953,53.2237],[-127.3613,53.2283],[-127.3552,53.18],[-127.4058,53.1843],[-127.4766,53.1392],[-127.4435,53.0918],[-127.2435,53.0164],[-127.2369,52.9618],[-127.2977,52.9077],[-127.217,52.8283],[-127.3528,52.8082],[-127.3738,52.7503],[-127.4905,52.6926],[-127.5627,52.691],[-127.6164,52.7327],[-127.5972,52.7793],[-127.6792,52.7913],[-127.8098,52.6645],[-127.9125,52.676],[-127.9385,52.721],[-128.1348,52.6865],[-128.1256,52.6173],[-128.1969,52.5805],[-128.1769,52.4842],[-128.3489,52.4765],[-128.459,52.4375],[-128.6192,52.242],[-128.7493,52.1933],[-128.8044,52.3635],[-128.8492,52.3856],[-129.3254,52.4306],[-129.4876,52.4927],[-129.8461,52.9033],[-129.9454,52.9835],[-130.1025,53.0286],[-129.447,53.2079],[-129.4322,53.2623],[-129.3034,53.3023],[-129.3016,53.3437],[-129.2022,53.3273],[-129.1827,53.3601],[-129.2052,53.6327],[-129.3735,53.7965],[-129.3711,54.3565],[-129.4757,54.3682],[-129.525,54.4385],[-129.676,54.4819],[-129.6923,54.5273],[-129.6625,54.6209],[-129.5758,54.6376],[-129.5183,54.5998],[-129.4639,54.6603],[-129.6843,54.6954],[-129.7143,54.7437],[-129.9656,54.6989],[-130.1818,54.7321],[-130.3884,54.6919],[-130.6051,54.689],[-130.6591,54.764],[-130.2837,54.9663],[-130.1052,55.1907],[-129.974,55.2849],[-130.0385,55.4498],[-130.1399,55.5515],[-130.1222,55.6705],[-130.1736,55.747],[-130.0027,55.9116],[-130.0021,56.0066],[-130.1037,56.122],[-130.2412,56.0958],[-130.4197,56.1389],[-130.4651,56.2415],[-130.6335,56.2716],[-130.7812,56.3681],[-131.0872,56.4064],[-131.5818,56.6124],[-131.8336,56.5988],[-131.9018,56.7544],[-131.8708,56.8062],[-132.1211,56.8669],[-132.0459,57.044],[-132.3693,57.0914],[-132.2446,57.212],[-133.0695,58.0001],[-131.0017,58.0006],[-131.0098,59.0021],[-128.9432,59.0023]]]}},{"type":"Feature","id":"5951","properties":{"name":"Bulkley-Nechako","st":"59"},"geometry":{"type":"Polygon","coordinates":[[[-128.4393,56.003],[-124.44,55.9989],[-124.3083,55.7059],[-124.1674,55.669],[-124.0504,55.5413],[-123.9284,55.5544],[-123.8563,55.3422],[-123.7421,55.2875],[-123.5346,55.3275],[-123.4133,55.2349],[-123.4108,55.041],[-123.5154,55.0171],[-123.5612,54.9519],[-123.6906,54.9231],[-123.849,55.0481],[-123.9459,55.0115],[-123.9991,55.0252],[-124.0519,54.9305],[-123.995,54.893],[-124.0192,54.8649],[-123.9044,54.8648],[-123.9482,54.7675],[-123.7785,54.6591],[-123.848,54.5125],[-123.9865,54.4295],[-123.9283,54.3614],[-123.8638,54.378],[-123.8194,54.3365],[-123.6443,54.3301],[-123.5324,54.2896],[-123.5178,54.1508],[-123.5663,54.1068],[-123.4818,54.0768],[-123.5671,54.0792],[-123.618,54.0429],[-123.5418,53.9877],[-123.4878,54.0027],[-123.4224,53.9746],[-123.4252,53.7926],[-123.5007,53.7875],[-123.5181,53.759],[-123.3047,53.6276],[-123.2777,53.4706],[-123.9976,53.4843],[-123.9976,53.444],[-124.1448,53.4082],[-124.2154,53.4207],[-124.2808,53.4804],[-124.2947,53.4555],[-124.381,53.4548],[-124.3813,53.5019],[-124.528,53.5311],[-124.5185,53.477],[-124.5612,53.4675],[-124.5158,53.3946],[-124.6288,53.386],[-124.6612,53.4087],[-124.7366,53.3546],[-124.8988,53.4353],[-125.0017,53.4468],[-125.0003,53.0003],[-126.6164,53.0003],[-126.6497,53.0323],[-126.7526,52.9933],[-126.8412,53.1104],[-127.013,53.0751],[-127.0037,53.1588],[-127.0507,53.2066],[-126.9789,53.2631],[-126.9999,53.296],[-127.0506,53.2987],[-127.0993,53.2334],[-127.1509,53.2812],[-127.2249,53.2503],[-127.435,53.4909],[-127.5067,53.4581],[-127.6144,53.5682],[-127.6493,53.5336],[-127.7694,53.5576],[-127.7493,53.6081],[-127.8141,53.6623],[-127.8201,53.7277],[-127.9011,53.7451],[-128.0127,53.875],[-128.0002,53.995],[-127.8925,54.0221],[-127.826,54.1019],[-127.7217,54.124],[-127.75,54.2041],[-127.666,54.23],[-127.6655,54.2773],[-127.5323,54.3834],[-127.5546,54.4464],[-127.6939,54.4636],[-127.7577,54.4431],[-127.7796,54.4674],[-127.7712,54.5259],[-127.6873,54.5784],[-127.8101,54.6067],[-127.801,54.9995],[-126.9372,55.0],[-126.88,55.0599],[-126.7162,55.0641],[-126.6447,55.1245],[-126.7349,55.1603],[-126.7658,55.2202],[-126.8381,55.2219],[-126.88,55.269],[-126.954,55.282],[-126.8678,55.3028],[-126.8534,55.3608],[-126.9312,55.3861],[-127.0466,55.3755],[-127.3002,55.5121],[-127.4489,55.4997],[-127.7133,55.7108],[-127.9024,55.72],[-127.9492,55.6861],[-128.0044,55.7521],[-128.0878,55.7702],[-128.1151,55.7214],[-128.2139,55.7409],[-128.2406,55.768],[-128.1429,55.8465],[-128.189,55.9108],[-128.2754,55.9361],[-128.3869,55.9143],[-128.4856,55.9448],[-128.4393,56.003]]]}},{"type":"Feature","id":"5953","properties":{"name":"Fraser-Fort George","st":"59"},"geometry":{"type":"Polygon","coordinates":[[[-123.8423,55.9828],[-123.5762,55.8705],[-123.3677,55.8611],[-123.3069,55.7069],[-123.1438,55.7317],[-123.1429,55.6404],[-123.0782,55.6255],[-123.0718,55.5827],[-122.9212,55.564],[-122.9278,55.4631],[-123.0023,55.4583],[-122.9872,55.4015],[-122.8744,55.419],[-122.6785,55.3404],[-122.59,55.4145],[-122.4848,55.3488],[-122.386,55.3353],[-122.2257,55.2077],[-122.2707,55.1908],[-122.2513,55.1435],[-122.1769,55.1459],[-122.1594,55.1055],[-122.1002,55.1052],[-121.8685,54.9557],[-121.8682,54.9046],[-121.8329,54.9036],[-121.8651,54.8691],[-121.782,54.8392],[-121.7249,54.8865],[-121.5221,54.7982],[-121.4739,54.7236],[-121.5235,54.652],[-121.4518,54.6076],[-121.4539,54.563],[-121.3974,54.569],[-121.3974,54.5337],[-121.3168,54.5129],[-121.2482,54.5466],[-121.1245,54.549],[-121.1262,54.4839],[-121.0742,54.4512],[-120.9226,54.4533],[-120.8164,54.4908],[-120.7846,54.4034],[-120.7116,54.4025],[-120.661,54.3607],[-120.7275,54.2972],[-120.5985,54.2837],[-120.5815,54.1738],[-120.5318,54.136],[-120.329,54.1044],[-120.1673,54.1215],[-120.1436,54.0646],[-120.1965,54.0298],[-120.2296,54.0415],[-120.26,53.9766],[-120.1613,53.9375],[-120.0745,53.9778],[-120.0174,53.8642],[-120.0371,53.8047],[-119.8882,53.7795],[-119.9157,53.7173],[-119.7929,53.7061],[-119.7134,53.6146],[-119.7592,53.591],[-119.9259,53.6145],[-119.861,53.5565],[-119.8995,53.5191],[-119.7804,53.4918],[-119.7254,53.3888],[-119.6689,53.3678],[-119.3907,53.3608],[-119.2571,53.1766],[-119.146,53.1912],[-119.0246,53.1267],[-119.0238,53.2319],[-118.9752,53.2417],[-118.7865,53.1592],[-118.7295,53.1155],[-118.7762,53.0454],[-118.7264,53.0602],[-118.6553,53.0348],[-118.6712,52.9783],[-118.6138,52.8837],[-118.5001,52.9064],[-118.4525,52.8554],[-118.387,52.8471],[-118.4224,52.7758],[-118.2901,52.6777],[-118.3525,52.6106],[-118.1934,52.4778],[-118.2553,52.4495],[-118.2198,52.3918],[-118.2542,52.348],[-118.3536,52.3661],[-118.4931,52.3125],[-118.5824,52.193],[-118.6763,52.1515],[-118.8032,52.1772],[-118.8378,52.2322],[-118.9002,52.2383],[-118.7865,52.3083],[-118.9264,52.3536],[-118.9479,52.3912],[-118.8851,52.4784],[-118.9276,52.5688],[-119.0378,52.5964],[-119.0561,52.6333],[-119.3644,52.6325],[-119.3657,52.6562],[-119.5238,52.6277],[-119.6179,52.706],[-119.7683,52.6603],[-119.9512,52.7101],[-120.1591,52.9213],[-120.327,52.9248],[-120.4342,52.9726],[-120.4884,53.0546],[-120.415,53.0918],[-120.4706,53.1534],[-120.5985,53.1886],[-120.709,53.2638],[-120.7875,53.2566],[-120.8112,53.2878],[-120.9228,53.3071],[-120.9761,53.2809],[-121.0182,53.3298],[-121.0083,53.4304],[-121.1977,53.3791],[-121.2883,53.4457],[-122.2754,53.456],[-122.3481,53.4401],[-122.3486,53.3735],[-122.7684,53.386],[-122.9689,53.2813],[-123.2147,53.3015],[-123.3051,53.2836],[-123.3047,53.6276],[-123.5181,53.759],[-123.5007,53.7875],[-123.4252,53.7926],[-123.4224,53.9746],[-123.4878,54.0027],[-123.5418,53.9877],[-123.618,54.0429],[-123.5671,54.0792],[-123.4818,54.0768],[-123.5663,54.1068],[-123.5178,54.1508],[-123.5324,54.2896],[-123.6443,54.3301],[-123.8194,54.3365],[-123.8638,54.378],[-123.9283,54.3614],[-123.9865,54.4295],[-123.848,54.5125],[-123.7778,54.6185],[-123.796,54.6927],[-123.8633,54.6871],[-123.9482,54.7675],[-123.9044,54.8648],[-124.0231,54.8679],[-123.995,54.893],[-124.0533,54.9448],[-123.9991,55.0252],[-123.8138,55.0403],[-123.8164,54.9979],[-123.6583,54.9203],[-123.6267,54.9551],[-123.5505,54.9582],[-123.5154,55.0171],[-123.4211,55.0281],[-123.3963,55.103],[-123.4133,55.2349],[-123.4942,55.314],[-123.7421,55.2875],[-123.8563,55.3422],[-123.9068,55.4291],[-123.8845,55.5037],[-123.9751,55.6095],[-123.7568,55.7359],[-123.9376,55.9001],[-123.8423,55.9828]]]}},{"type":"Feature","id":"5955","properties":{"name":"Peace River","st":"59"},"geometry":{"type":"Polygon","coordinates":[[[-126.4348,57.9345],[-126.2687,57.8557],[-126.2142,57.9435],[-126.0779,57.9137],[-126.0441,57.9669],[-125.8375,57.9794],[-125.7361,57.862],[-125.62,57.937],[-125.5635,57.9182],[-125.425,57.9799],[-125.1722,58.0238],[-124.9823,57.9814],[-120.0,58.0],[-120.003,53.7968],[-120.0472,53.8224],[-120.0174,53.8642],[-120.0745,53.9778],[-120.1613,53.9375],[-120.26,53.9766],[-120.2296,54.0415],[-120.1965,54.0298],[-120.1436,54.0646],[-120.1673,54.1215],[-120.329,54.1044],[-120.5318,54.136],[-120.5815,54.1738],[-120.5985,54.2837],[-120.7275,54.2972],[-120.661,54.3607],[-120.7116,54.4025],[-120.7846,54.4034],[-120.8164,54.4908],[-120.9226,54.4533],[-121.0742,54.4512],[-121.1262,54.4839],[-121.1245,54.549],[-121.2482,54.5466],[-121.3168,54.5129],[-121.3974,54.5337],[-121.3974,54.569],[-121.4539,54.563],[-121.4518,54.6076],[-121.5235,54.652],[-121.4739,54.7236],[-121.5221,54.7982],[-121.7249,54.8865],[-121.782,54.8392],[-121.8651,54.8691],[-121.8329,54.9036],[-121.8682,54.9046],[-121.8685,54.9557],[-122.1002,55.1052],[-122.1594,55.1055],[-122.1769,55.1459],[-122.2513,55.1435],[-122.2707,55.1908],[-122.2257,55.2077],[-122.386,55.3353],[-122.4848,55.3488],[-122.59,55.4145],[-122.6785,55.3404],[-122.8744,55.419],[-122.9872,55.4015],[-123.0023,55.4583],[-122.9278,55.4631],[-122.9212,55.564],[-123.0718,55.5827],[-123.0782,55.6255],[-123.1429,55.6404],[-123.1438,55.7317],[-123.2608,55.6971],[-123.3267,55.7154],[-123.3074,55.7761],[-123.3677,55.8611],[-123.5762,55.8705],[-123.6843,55.9137],[-123.6814,55.9401],[-123.7515,55.9339],[-123.8423,55.9828],[-123.9368,55.8948],[-123.7568,55.7359],[-123.962,55.6244],[-123.9284,55.5544],[-124.0375,55.5376],[-124.123,55.6397],[-124.1923,55.6832],[-124.2969,55.6956],[-124.3349,55.7404],[-124.3346,55.8388],[-124.4976,56.0673],[-124.484,56.13],[-124.661,56.1161],[-124.8946,56.2422],[-125.0547,56.2035],[-125.1191,56.3036],[-125.2455,56.2506],[-125.4038,56.2529],[-125.6085,56.1533],[-125.6499,56.1573],[-125.6566,56.2286],[-125.8656,56.1452],[-125.9555,56.1429],[-125.9806,56.2456],[-126.1163,56.2719],[-126.1947,56.3424],[-126.0911,56.404],[-126.1965,56.4735],[-126.1426,56.5838],[-126.2313,56.6473],[-126.3315,56.6774],[-126.4883,56.6647],[-126.6927,56.775],[-126.8115,56.6803],[-126.9171,56.6907],[-127.0659,56.6132],[-127.1289,56.6264],[-127.2223,56.7459],[-127.4054,56.6765],[-127.4542,56.6932],[-127.6177,56.8465],[-127.5654,56.8579],[-127.605,56.8944],[-127.5411,56.969],[-127.6771,56.9768],[-127.7329,57.0196],[-127.7165,57.1326],[-127.4765,57.1961],[-127.4891,57.3227],[-127.3029,57.4467],[-127.3419,57.549],[-127.2719,57.6032],[-127.1814,57.5977],[-127.1501,57.5359],[-127.057,57.5073],[-126.7876,57.5708],[-126.8683,57.6334],[-126.8396,57.6794],[-126.9381,57.7071],[-126.9813,57.7608],[-126.9591,57.7971],[-126.8514,57.7917],[-126.9706,57.9331],[-126.9509,57.9894],[-126.7031,58.0271],[-126.6041,57.9602],[-126.4348,57.9345]]]}},{"type":"Feature","id":"5957","properties":{"name":"Stikine","st":"59"},"geometry":{"type":"Polygon","coordinates":[[[-135.4,60.0001],[-131.5,60.0],[-127.725,60.0],[-127.7286,59.8957],[-127.6563,59.8643],[-127.7675,59.8378],[-127.7979,59.6951],[-127.4848,59.5237],[-127.187,59.1489],[-126.9763,59.1114],[-126.9435,58.9718],[-127.0594,58.8506],[-126.8344,58.7221],[-126.9144,58.6388],[-126.7439,58.6673],[-126.5855,58.5804],[-126.3199,58.6084],[-126.2076,58.4934],[-126.0146,58.4066],[-125.8575,58.4127],[-125.8334,58.3562],[-125.7174,58.3073],[-125.4805,58.3087],[-125.4393,58.3411],[-125.3564,58.2795],[-125.2805,58.3036],[-125.2013,58.2393],[-124.9519,58.2308],[-124.9167,58.2561],[-124.8297,58.2071],[-124.9194,58.0254],[-124.9663,58.0219],[-124.919,57.9862],[-125.2039,58.0224],[-125.425,57.9799],[-125.5635,57.9182],[-125.62,57.937],[-125.7361,57.862],[-125.8375,57.9794],[-126.0441,57.9669],[-126.0779,57.9137],[-126.2142,57.9435],[-126.2889,57.8545],[-126.378,57.9233],[-126.6041,57.9602],[-126.6967,58.0258],[-126.9509,57.9894],[-126.9706,57.9331],[-126.8514,57.7917],[-126.9591,57.7971],[-126.9813,57.7608],[-126.9381,57.7071],[-126.8396,57.6794],[-126.8683,57.6334],[-126.7876,57.5708],[-127.057,57.5073],[-127.1501,57.5359],[-127.1814,57.5977],[-127.2719,57.6032],[-127.3419,57.549],[-127.3029,57.4467],[-127.4891,57.3227],[-127.4765,57.1961],[-127.7303,57.11],[-127.7064,56.9908],[-127.5411,56.969],[-127.605,56.8944],[-127.5654,56.8579],[-127.6177,56.8465],[-127.5327,56.7407],[-127.4054,56.6765],[-127.2223,56.7459],[-127.1011,56.6135],[-126.9929,56.6322],[-126.9171,56.6907],[-126.8115,56.6803],[-126.6927,56.775],[-126.4883,56.6647],[-126.3315,56.6774],[-126.2313,56.6473],[-126.1426,56.5838],[-126.1965,56.4735],[-126.0911,56.404],[-126.1947,56.3424],[-126.1163,56.2719],[-125.9806,56.2456],[-125.9555,56.1429],[-125.8656,56.1452],[-125.6566,56.2286],[-125.6499,56.1573],[-125.6085,56.1533],[-125.4038,56.2529],[-125.2455,56.2506],[-125.1191,56.3036],[-125.0547,56.2035],[-124.8946,56.2422],[-124.661,56.1161],[-124.484,56.13],[-124.4976,56.0673],[-124.4407,55.9989],[-127.9156,55.9976],[-128.3646,56.0032],[-128.5226,56.0838],[-128.2787,56.1103],[-128.2841,56.2466],[-128.2021,56.3009],[-128.088,56.3212],[-128.2802,56.4094],[-128.1635,56.4535],[-128.0801,56.4141],[-127.999,56.4283],[-127.9775,56.5207],[-127.8437,56.5488],[-127.9162,56.6151],[-127.9895,56.6113],[-128.0711,56.6666],[-128.1765,56.6434],[-128.1887,56.7378],[-128.3585,56.753],[-128.6189,56.8779],[-128.6933,56.8784],[-128.6489,56.9198],[-128.7263,57.0421],[-129.0021,57.1644],[-128.9432,59.0023],[-131.0098,59.0021],[-131.0017,58.0006],[-133.0695,58.0001],[-133.1724,58.1516],[-133.4613,58.3899],[-133.3818,58.4326],[-133.6995,58.6091],[-133.8413,58.7301],[-134.2564,58.8591],[-134.3374,58.9203],[-134.3123,58.9614],[-134.4076,58.9784],[-134.3854,59.0414],[-134.4848,59.1334],[-134.5698,59.1335],[-134.6993,59.2484],[-134.9589,59.2811],[-135.0302,59.3484],[-134.9892,59.3879],[-135.0975,59.427],[-135.028,59.4763],[-135.0277,59.5639],[-135.479,59.7986],[-135.9457,59.6636],[-136.3557,59.6007],[-136.2414,59.5591],[-136.2363,59.5267],[-136.3315,59.456],[-136.4762,59.4642],[-136.4675,59.2846],[-136.582,59.1655],[-136.8247,59.1598],[-137.2884,58.9995],[-137.4466,58.9087],[-137.5267,58.9066],[-137.4993,58.9831],[-137.6021,59.2407],[-138.6054,59.7577],[-138.7058,59.9062],[-139.0522,60.0],[-135.4,60.0001]]]}},{"type":"Feature","id":"5959","properties":{"name":"Northern Rockies","st":"59"},"geometry":{"type":"Polygon","coordinates":[[[-127.7125,60.0],[-123.75,60.0],[-120.0,60.0],[-120.0,58.0],[-122.7577,57.9976],[-124.9484,57.9999],[-124.8297,58.2071],[-124.9167,58.2561],[-124.9519,58.2308],[-125.2013,58.2393],[-125.2805,58.3036],[-125.3564,58.2795],[-125.4393,58.3411],[-125.4805,58.3087],[-125.7174,58.3073],[-125.8334,58.3562],[-125.8575,58.4127],[-126.0146,58.4066],[-126.2076,58.4934],[-126.3199,58.6084],[-126.5855,58.5804],[-126.7439,58.6673],[-126.9144,58.6388],[-126.8344,58.7221],[-127.0594,58.8506],[-126.9435,58.9718],[-126.9763,59.1114],[-127.187,59.1489],[-127.4848,59.5237],[-127.7979,59.6951],[-127.7675,59.8378],[-127.6563,59.8643],[-127.7286,59.8957],[-127.7125,60.0]]]}},{"type":"Feature","id":"6001","properties":{"name":"Yukon","st":"60"},"geometry":{"type":"Polygon","coordinates":[[[-139.3564,69.5918],[-139.1316,69.6689],[-138.9199,69.653],[-138.7619,69.5756],[-138.9562,69.5275],[-138.942,69.4601],[-138.5396,69.3243],[-138.3732,69.3129],[-137.9806,69.1395],[-137.6549,69.0604],[-137.0568,68.9768],[-136.8327,68.9089],[-136.6139,68.9344],[-136.4686,68.8943],[-136.4488,67.6495],[-136.2414,67.6109],[-136.1699,67.5038],[-136.2221,67.4055],[-136.0866,67.3007],[-136.2351,67.1725],[-136.1644,67.0],[-133.8296,67.0],[-134.1178,66.9569],[-133.7597,66.801],[-133.8463,66.7228],[-133.7481,66.679],[-133.7934,66.6494],[-133.5824,66.5623],[-133.6901,66.5279],[-133.6098,66.4361],[-133.7342,66.4404],[-133.8354,66.3172],[-133.6262,66.2986],[-133.5535,66.257],[-133.5489,66.17],[-133.6907,66.0712],[-133.5986,66.0565],[-133.6583,65.9597],[-133.4469,65.9335],[-133.1281,66.0309],[-132.9211,66.0204],[-133.0215,65.9188],[-132.9092,65.884],[-132.6566,66.0158],[-132.5683,66.0229],[-132.4945,65.972],[-132.3779,65.989],[-132.3501,65.9523],[-132.5964,65.8567],[-132.3135,65.7399],[-132.1683,65.6024],[-132.2754,65.4577],[-132.5371,65.3505],[-132.5664,65.284],[-132.7479,65.2274],[-132.7269,65.1584],[-132.6567,65.1408],[-132.5093,65.1735],[-132.5427,65.0899],[-132.3361,65.0607],[-132.4903,64.9624],[-132.4817,64.884],[-132.6276,64.8297],[-132.546,64.7702],[-132.357,64.7832],[-132.0377,64.6964],[-131.8387,64.5253],[-131.6846,64.5214],[-131.676,64.4855],[-131.8583,64.3813],[-131.6235,64.3537],[-131.451,64.3919],[-131.3724,64.4509],[-131.1474,64.4038],[-131.0266,64.3047],[-131.0737,64.2729],[-130.8591,64.172],[-130.9678,64.13],[-130.8703,64.0319],[-130.7233,64.0266],[-130.7757,63.9763],[-130.4429,63.8911],[-130.3394,63.8133],[-130.2186,63.8693],[-130.1094,63.8394],[-130.1012,63.7542],[-130.3397,63.6909],[-130.2686,63.6448],[-130.0725,63.6829],[-130.0814,63.608],[-129.9281,63.592],[-129.9603,63.5658],[-129.7849,63.446],[-129.8743,63.4575],[-129.8662,63.3671],[-130.1083,63.3056],[-130.1578,63.2424],[-130.0488,63.2524],[-129.9876,63.1989],[-129.9105,63.1921],[-129.821,63.0824],[-129.6132,63.073],[-129.7433,62.8384],[-129.6653,62.8142],[-129.5667,62.6812],[-129.4852,62.6624],[-129.4646,62.5951],[-129.5224,62.5522],[-129.387,62.5713],[-129.1597,62.4786],[-129.2849,62.3997],[-129.1895,62.3616],[-129.2645,62.2999],[-129.2697,62.258],[-129.1633,62.204],[-129.2357,62.138],[-129.1289,62.0995],[-128.9447,62.1191],[-128.7304,62.0431],[-128.669,62.1091],[-128.5496,62.1163],[-128.2486,61.937],[-128.1883,61.8284],[-128.0207,61.8235],[-127.986,61.7916],[-128.0475,61.7287],[-127.7668,61.5941],[-127.6686,61.5826],[-127.6227,61.5322],[-127.4692,61.4852],[-127.2378,61.5002],[-127.1917,61.4611],[-127.103,61.4582],[-127.0908,61.3681],[-127.0292,61.3613],[-126.9964,61.2221],[-126.9529,61.215],[-126.9841,61.1214],[-127.0724,61.0666],[-127.047,61.0173],[-126.9661,61.0501],[-126.8968,61.041],[-126.8127,60.7586],[-126.6927,60.769],[-126.639,60.7308],[-126.4864,60.8001],[-126.2835,60.7588],[-126.1979,60.7822],[-126.2107,60.8344],[-126.0634,60.8514],[-126.0566,60.7952],[-125.9668,60.7892],[-125.8322,60.8813],[-125.6696,60.8031],[-125.5338,60.8124],[-125.3749,60.7664],[-125.2641,60.7683],[-125.1479,60.8325],[-124.8258,60.837],[-124.7884,60.9545],[-124.5394,60.9386],[-124.4492,60.7647],[-124.5995,60.6879],[-124.5711,60.6414],[-124.4472,60.5728],[-124.3891,60.4585],[-124.1979,60.4459],[-124.2145,60.3646],[-124.1238,60.206],[-123.7893,60.0],[-126.5,60.0],[-129.25,60.0],[-132.0,60.0],[-134.75,60.0],[-139.0568,60.0],[-139.177,60.0829],[-139.0521,60.3537],[-139.6801,60.3357],[-139.9717,60.1839],[-140.448,60.308],[-140.5171,60.2202],[-140.998,60.308],[-141.0101,69.6894],[-140.4909,69.6275],[-139.9678,69.6525],[-139.4819,69.5838],[-139.3564,69.5918]]]}},{"type":"Feature","id":"6101","properties":{"name":"Region 1","st":"61"},"geometry":{"type":"Polygon","coordinates":[[[-128.9426,89.9994],[-109.8618,69.9981],[-112.5108,70.0017],[-112.5181,69.8476],[-112.8183,69.8473],[-112.8251,70.0025],[-117.0228,70.0003],[-116.7552,69.7864],[-116.4656,69.7028],[-120.7249,69.575],[-120.6055,68.6234],[-120.6308,67.78],[-121.9864,67.7307],[-130.4508,67.5523],[-130.3814,66.7859],[-132.065,66.6093],[-132.0749,66.0706],[-131.7901,66.0129],[-131.5696,65.9148],[-131.436,65.9139],[-131.2526,65.8467],[-131.1899,65.8726],[-131.1005,65.861],[-130.8239,64.2876],[-131.0763,64.2788],[-131.0266,64.3047],[-131.0682,64.3613],[-131.2955,64.4468],[-131.432,64.4379],[-131.451,64.3919],[-131.6235,64.3537],[-131.6763,64.3772],[-131.8084,64.3688],[-131.8583,64.3813],[-131.8249,64.4247],[-131.676,64.4855],[-131.6846,64.5214],[-131.8387,64.5253],[-132.0377,64.6964],[-132.357,64.7832],[-132.546,64.7702],[-132.6276,64.8297],[-132.4817,64.884],[-132.4903,64.9624],[-132.3361,65.0607],[-132.5427,65.0899],[-132.5093,65.1735],[-132.6567,65.1408],[-132.7727,65.183],[-132.657,65.2781],[-132.5664,65.284],[-132.5046,65.3686],[-132.2754,65.4577],[-132.1683,65.6024],[-132.3135,65.7399],[-132.5964,65.8567],[-132.3501,65.9523],[-132.3779,65.989],[-132.4945,65.972],[-132.5683,66.0229],[-132.6566,66.0158],[-132.9092,65.884],[-133.0215,65.9188],[-132.9211,66.0204],[-133.1281,66.0309],[-133.4469,65.9335],[-133.6583,65.9597],[-133.5986,66.0565],[-133.6907,66.0712],[-133.5489,66.17],[-133.5535,66.257],[-133.6262,66.2986],[-133.8354,66.3172],[-133.7342,66.4404],[-133.6098,66.4361],[-133.6901,66.5279],[-133.5824,66.5623],[-133.7934,66.6494],[-133.7481,66.679],[-133.8463,66.7228],[-133.7597,66.801],[-134.1178,66.9569],[-133.8296,67.0],[-136.1644,67.0],[-136.2351,67.1725],[-136.0866,67.3007],[-136.2221,67.4055],[-136.1699,67.5038],[-136.2414,67.6109],[-136.4488,67.6495],[-136.4686,68.8943],[-136.6139,68.9344],[-136.8327,68.9089],[-137.0568,68.9768],[-137.6549,69.0604],[-137.9806,69.1395],[-138.3732,69.3129],[-138.5396,69.3243],[-138.942,69.4601],[-138.9562,69.5275],[-138.7619,69.5756],[-138.9911,69.6659],[-139.1316,69.6689],[-139.3564,69.5918],[-139.4819,69.5838],[-139.9678,69.6525],[-140.4909,69.6275],[-141.0101,69.6894],[-128.9426,89.9994]]]}},{"type":"Feature","id":"6102","properties":{"name":"Region 2","st":"61"},"geometry":{"type":"Polygon","coordinates":[[[-130.4508,67.5523],[-121.9864,67.7307],[-120.6308,67.78],[-118.5942,67.1989],[-117.0655,66.9292],[-116.6311,66.7974],[-117.7406,66.3756],[-118.0973,65.3641],[-119.4385,65.3571],[-119.5674,65.0641],[-119.1532,65.0499],[-119.9996,64.5605],[-119.9957,63.9663],[-120.5236,64.1012],[-120.6584,64.0921],[-120.6085,64.0271],[-120.6832,63.9941],[-121.033,64.0827],[-121.0155,64.0473],[-121.2976,64.0006],[-121.4822,64.0949],[-122.0162,63.9497],[-124.2071,63.9472],[-125.4315,63.6273],[-125.6081,63.5501],[-125.8207,63.5082],[-125.8595,63.4687],[-125.8864,63.4921],[-125.9297,63.4231],[-126.3179,63.3164],[-126.4878,62.9966],[-126.4478,62.8845],[-126.6169,62.8237],[-126.5848,62.7691],[-128.4929,62.1198],[-128.4,62.0704],[-128.4045,62.0901],[-128.3612,62.0166],[-128.5496,62.1163],[-128.669,62.1091],[-128.7304,62.0431],[-128.9447,62.1191],[-129.1289,62.0995],[-129.2357,62.138],[-129.1633,62.204],[-129.2697,62.258],[-129.2645,62.2999],[-129.1895,62.3616],[-129.2849,62.3997],[-129.1597,62.4786],[-129.387,62.5713],[-129.5224,62.5522],[-129.4646,62.5951],[-129.4852,62.6624],[-129.5667,62.6812],[-129.6653,62.8142],[-129.7433,62.8384],[-129.6132,63.073],[-129.821,63.0824],[-129.9105,63.1921],[-129.9876,63.1989],[-130.0488,63.2524],[-130.1578,63.2424],[-130.1083,63.3056],[-129.8662,63.3671],[-129.8743,63.4575],[-129.7849,63.446],[-129.9603,63.5658],[-129.9281,63.592],[-130.0814,63.608],[-130.0725,63.6829],[-130.2686,63.6448],[-130.3397,63.6909],[-130.1012,63.7542],[-130.1094,63.8394],[-130.2186,63.8693],[-130.3394,63.8133],[-130.4429,63.8911],[-130.7757,63.9763],[-130.7233,64.0266],[-130.8703,64.0319],[-130.9554,64.1133],[-130.8591,64.172],[-130.944,64.1858],[-130.9826,64.2507],[-131.0763,64.2788],[-130.8239,64.2876],[-131.1005,65.861],[-131.1899,65.8726],[-131.2526,65.8467],[-131.436,65.9139],[-131.5696,65.9148],[-131.7901,66.0129],[-132.0749,66.0706],[-132.065,66.6093],[-130.3814,66.7859],[-130.4508,67.5523]]]}},{"type":"Feature","id":"6103","properties":{"name":"Region 3","st":"61"},"geometry":{"type":"Polygon","coordinates":[[[-118.1906,65.1339],[-117.7333,64.6876],[-117.4198,64.5443],[-116.0328,64.5973],[-116.0232,64.7159],[-115.7001,64.7449],[-115.5305,64.7266],[-115.5339,64.6467],[-115.7211,64.655],[-115.7236,64.3136],[-115.3132,64.1546],[-114.5891,64.2605],[-114.5413,64.3355],[-114.2664,64.3263],[-113.9803,64.4178],[-114.0249,64.4455],[-113.9592,64.4373],[-113.2572,64.7107],[-113.0305,64.703],[-112.532,64.6221],[-112.5915,64.4735],[-113.9475,64.104],[-114.4061,64.0769],[-114.7903,63.4822],[-114.8183,63.2568],[-114.9509,63.1877],[-115.251,63.1894],[-115.5992,62.8225],[-116.068,62.7554],[-116.1811,62.6977],[-116.4155,62.9678],[-116.8654,62.962],[-116.863,63.0816],[-117.8729,63.0557],[-118.7687,63.2335],[-118.7117,63.6196],[-118.3757,63.6327],[-118.3053,63.7231],[-117.8279,63.7355],[-117.9429,64.4308],[-118.3797,64.6592],[-118.6551,64.6518],[-118.7822,64.868],[-118.3887,64.9308],[-118.4123,65.0713],[-118.1906,65.1339]]]}},{"type":"Feature","id":"6104","properties":{"name":"Region 4","st":"61"},"geometry":{"type":"Polygon","coordinates":[[[-124.2071,63.9472],[-122.0162,63.9497],[-121.5808,64.09],[-121.4822,64.0949],[-121.2976,64.0006],[-121.0155,64.0473],[-121.033,64.0827],[-120.6832,63.9941],[-120.6085,64.0271],[-120.6584,64.0921],[-120.4051,64.0897],[-119.9957,63.9663],[-119.9927,62.8224],[-114.8288,61.6831],[-115.5953,60.7329],[-115.8217,60.7527],[-115.7208,60.8512],[-115.7514,60.8757],[-115.9014,60.8501],[-115.8982,60.753],[-116.0953,60.6418],[-116.3493,60.648],[-116.3293,60.4606],[-116.3812,60.3675],[-116.863,60.0402],[-116.9786,60.0],[-119.5,60.0],[-123.7893,60.0],[-124.1238,60.206],[-124.2145,60.3646],[-124.1979,60.4459],[-124.3891,60.4585],[-124.4472,60.5728],[-124.5711,60.6414],[-124.5995,60.6879],[-124.4492,60.7647],[-124.5394,60.9386],[-124.7884,60.9545],[-124.8258,60.837],[-125.1479,60.8325],[-125.2641,60.7683],[-125.3749,60.7664],[-125.5338,60.8124],[-125.6696,60.8031],[-125.8322,60.8813],[-125.9668,60.7892],[-126.0566,60.7952],[-126.0634,60.8514],[-126.2107,60.8344],[-126.1979,60.7822],[-126.2835,60.7588],[-126.4864,60.8001],[-126.639,60.7308],[-126.6927,60.769],[-126.8127,60.7586],[-126.8968,61.041],[-126.9661,61.0501],[-127.047,61.0173],[-127.0724,61.0666],[-126.9841,61.1214],[-126.9529,61.215],[-126.9964,61.2221],[-127.0292,61.3613],[-127.0908,61.3681],[-127.103,61.4582],[-127.1917,61.4611],[-127.2378,61.5002],[-127.4692,61.4852],[-127.6227,61.5322],[-127.6686,61.5826],[-127.7668,61.5941],[-128.0475,61.7287],[-127.986,61.7916],[-128.0207,61.8235],[-128.1883,61.8284],[-128.2486,61.937],[-128.3501,61.9735],[-128.3368,62.0331],[-128.4929,62.1198],[-126.5848,62.7691],[-126.6169,62.8237],[-126.4478,62.8845],[-126.4878,62.9966],[-126.3179,63.3164],[-125.9297,63.4231],[-125.8864,63.4921],[-125.8595,63.4687],[-125.8207,63.5082],[-125.6081,63.5501],[-125.4315,63.6273],[-124.2071,63.9472]]]}},{"type":"Feature","id":"6105","properties":{"name":"Region 5","st":"61"},"geometry":{"type":"Polygon","coordinates":[[[-110.047,62.9182],[-109.0004,62.7923],[-106.7224,62.7639],[-105.0426,62.6856],[-102.0,62.5625],[-102.0,60.0],[-105.75,60.0],[-109.5,60.0],[-113.25,60.0],[-116.9786,60.0],[-116.7711,60.0865],[-116.6667,60.2029],[-116.3812,60.3675],[-116.3293,60.4606],[-116.3493,60.648],[-116.0953,60.6418],[-115.8982,60.753],[-115.9014,60.8501],[-115.7514,60.8757],[-115.7208,60.8512],[-115.8217,60.7527],[-115.5953,60.7329],[-114.8288,61.6831],[-114.5709,61.7233],[-113.5426,61.9807],[-113.2013,61.9926],[-113.1528,62.0208],[-113.0017,62.0111],[-112.415,62.0798],[-111.7291,62.367],[-111.4616,62.6754],[-111.3417,62.7041],[-111.2272,62.7886],[-110.6431,62.9161],[-110.047,62.9182]]]}},{"type":"Feature","id":"6106","properties":{"name":"Region 6","st":"61"},"geometry":{"type":"Polygon","coordinates":[[[-116.6311,66.7974],[-112.5834,65.4471],[-110.5384,65.4458],[-108.8379,64.7321],[-102.0,64.1891],[-102.0,62.5625],[-105.0426,62.6856],[-106.7224,62.7639],[-109.0004,62.7923],[-109.5143,62.8415],[-109.6796,62.8929],[-110.6431,62.9161],[-111.2272,62.7886],[-111.3417,62.7041],[-111.4616,62.6754],[-111.7291,62.367],[-112.415,62.0798],[-113.0017,62.0111],[-113.1528,62.0208],[-113.2013,61.9926],[-113.5426,61.9807],[-114.5709,61.7233],[-114.8288,61.6831],[-119.9927,62.8224],[-119.9996,64.5605],[-119.1532,65.0499],[-119.5674,65.0641],[-119.4385,65.3571],[-118.0973,65.3641],[-117.7406,66.3756],[-116.6311,66.7974]],[[-118.386,64.955],[-118.4652,64.9021],[-118.7822,64.868],[-118.6551,64.6518],[-118.3797,64.6592],[-117.9429,64.4308],[-117.8279,63.7355],[-118.3053,63.7231],[-118.3757,63.6327],[-118.7117,63.6196],[-118.7687,63.2335],[-117.8729,63.0557],[-116.863,63.0816],[-116.8654,62.962],[-116.4155,62.9678],[-116.1811,62.6977],[-116.068,62.7554],[-115.5992,62.8225],[-115.251,63.1894],[-114.9509,63.1877],[-114.8183,63.2568],[-114.7903,63.4822],[-114.4061,64.0769],[-113.9475,64.104],[-112.5915,64.4735],[-112.532,64.6221],[-113.0305,64.703],[-113.2572,64.7107],[-113.9592,64.4373],[-114.0249,64.4455],[-113.9803,64.4178],[-114.2664,64.3263],[-114.5413,64.3355],[-114.5891,64.2605],[-115.3132,64.1546],[-115.7236,64.3136],[-115.7211,64.655],[-115.5339,64.6467],[-115.5305,64.7266],[-115.7001,64.7449],[-116.0232,64.7159],[-116.0328,64.5973],[-117.4198,64.5443],[-117.7333,64.6876],[-117.9892,64.8795],[-118.1906,65.1339],[-118.4123,65.0713],[-118.386,64.955]]]}},{"type":"Feature","id":"6204","properties":{"name":"Qikiqtaaluk","st":"62"},"geometry":{"type":"Polygon","coordinates":[[[-60.0,68.7495],[-60.0,60.6255],[-62.0,60.4323],[-63.9959,60.0],[-64.1386,60.1722],[-64.1849,60.3747],[-64.4914,60.3726],[-64.5175,60.3044],[-64.845,60.3751],[-64.8524,60.31],[-64.9654,60.2574],[-64.9333,60.2014],[-65.072,60.1098],[-65.0727,60.0652],[-65.172,60.0689],[-65.2551,59.938],[-65.5793,59.7648],[-65.5922,59.528],[-65.9549,59.3114],[-65.9284,58.9551],[-66.1514,58.8775],[-66.4854,58.8785],[-66.522,58.7576],[-66.6841,58.5996],[-66.8266,58.5318],[-67.1367,58.4656],[-67.5795,58.267],[-67.674,58.2839],[-67.6429,58.4416],[-67.719,58.5233],[-67.9593,58.5949],[-68.1642,58.5934],[-68.2431,58.6234],[-68.2443,58.806],[-68.3162,58.8849],[-68.5,58.9458],[-68.7975,58.948],[-68.9152,58.9831],[-69.2008,59.2252],[-69.2297,59.3563],[-69.4695,59.4955],[-69.4721,59.8475],[-69.5861,59.9841],[-69.538,60.2105],[-69.6607,60.3234],[-69.7075,60.4637],[-69.606,60.59],[-69.635,60.6812],[-69.3802,60.7668],[-69.2709,60.853],[-69.4906,61.0715],[-69.5895,61.088],[-69.6649,61.0632],[-69.7385,60.9419],[-69.9078,60.8169],[-70.0504,60.8782],[-70.1459,61.0103],[-70.0906,61.0585],[-70.1294,61.0957],[-70.3215,61.1054],[-70.6405,61.0582],[-71.3944,61.1832],[-71.4318,61.2278],[-71.6522,61.306],[-71.5582,61.4024],[-71.5234,61.6294],[-72.1131,61.7682],[-72.2098,61.7435],[-72.2155,61.7703],[-72.1123,61.7979],[-72.2111,61.8752],[-72.4438,61.8981],[-72.5799,61.9511],[-72.6127,62.1236],[-72.8476,62.1489],[-73.1181,62.2428],[-73.1686,62.3123],[-73.5263,62.4056],[-73.6714,62.4907],[-73.8565,62.4723],[-74.0,62.3788],[-74.1561,62.3621],[-74.3774,62.2798],[-74.8085,62.2508],[-75.3575,62.3268],[-75.5,62.2913],[-75.7591,62.3188],[-76.7749,62.529],[-77.5155,62.5936],[-77.735,62.4774],[-78.1623,62.3419],[-78.2331,62.214],[-78.1782,61.9891],[-78.0483,61.7345],[-77.8508,61.5673],[-77.7964,61.2103],[-77.8586,61.0725],[-78.1261,60.9249],[-78.2268,60.7843],[-78.0734,60.8164],[-78.0926,60.7933],[-77.8706,60.6653],[-77.9111,60.5806],[-77.7628,60.4611],[-77.7956,60.3882],[-77.658,60.3201],[-77.6548,60.2383],[-77.5673,60.1562],[-77.658,60.0993],[-77.6557,60.0495],[-77.4702,59.8903],[-77.5973,59.7577],[-77.7455,59.7658],[-77.8545,59.7292],[-77.8691,59.5545],[-77.9942,59.4314],[-77.9391,59.3433],[-78.0386,59.2823],[-78.0382,59.2368],[-78.1994,59.1935],[-78.297,59.0733],[-78.5788,58.9171],[-78.5598,58.8632],[-78.6509,58.8125],[-78.6226,58.614],[-78.0463,58.3636],[-77.6456,58.2357],[-77.5437,58.1589],[-77.1936,58.0201],[-77.2128,57.9971],[-76.9049,57.7054],[-76.5772,57.0947],[-76.5189,56.7865],[-76.548,56.3013],[-76.6219,56.196],[-76.6257,56.1942],[-76.6415,56.1959],[-76.6657,56.1952],[-76.6707,56.1938],[-76.6417,56.1467],[-76.6907,56.048],[-76.7985,56.0011],[-76.8302,55.9299],[-77.1975,55.6679],[-77.0805,55.7209],[-77.1166,55.6661],[-77.7888,55.269],[-78.1817,55.1268],[-78.3166,55.042],[-78.8929,54.8951],[-78.9802,54.8329],[-79.4561,54.7386],[-79.4494,54.7592],[-79.77,54.6276],[-79.5099,54.4244],[-79.5158,54.1425],[-79.3486,54.0735],[-78.9636,54.005],[-79.1025,53.9696],[-79.038,53.9665],[-79.1069,53.9497],[-79.0402,53.9347],[-79.1155,53.9482],[-79.155,53.9482],[-78.9852,53.8999],[-79.1033,53.9027],[-79.1144,53.8917],[-79.0572,53.874],[-79.044,53.8096],[-79.0829,53.7865],[-79.0365,53.7854],[-79.0906,53.7138],[-79.1592,53.6941],[-79.0526,53.68],[-79.0767,53.5886],[-79.0293,53.5698],[-79.0338,53.5347],[-79.1386,53.5005],[-79.0701,53.4268],[-79.0423,53.4368],[-79.0632,53.4055],[-78.9933,53.3886],[-79.0038,53.3239],[-78.9595,53.3168],[-78.9902,53.2705],[-78.9086,53.2277],[-78.977,53.1699],[-78.9466,53.1402],[-78.9975,53.0135],[-78.8438,52.9795],[-78.9232,52.9118],[-78.8703,52.8579],[-78.7585,52.8441],[-78.803,52.8104],[-78.7698,52.7833],[-78.8387,52.7817],[-78.8804,52.7409],[-78.7927,52.7127],[-78.8294,52.6764],[-78.7313,52.6694],[-78.8164,52.6405],[-78.7385,52.6124],[-78.7713,52.5389],[-78.5949,52.5021],[-78.6265,52.4546],[-78.5574,52.4379],[-78.5214,52.3321],[-78.5842,52.2897],[-78.5896,52.1471],[-78.771,51.9807],[-78.8474,51.9471],[-78.8923,51.9595],[-78.9255,51.8423],[-79.0593,51.7681],[-78.8596,51.5875],[-78.823,51.4693],[-78.8533,51.4518],[-78.9602,51.459],[-79.242,51.6747],[-79.3716,51.6927],[-79.5814,51.593],[-79.5275,51.4626],[-79.5791,51.4736],[-79.6147,51.4155],[-79.6812,51.4082],[-79.6767,51.3384],[-79.7323,51.3713],[-79.7455,51.3292],[-79.6724,51.2559],[-79.7251,51.2381],[-79.7726,51.1564],[-79.8832,51.1707],[-80.113,51.2907],[-80.3965,51.3293],[-80.4394,51.4802],[-80.5126,51.5476],[-80.5704,51.7081],[-80.6865,51.7982],[-80.688,51.8479],[-80.7188,51.8194],[-80.7934,51.8879],[-80.8834,51.8944],[-80.9723,52.0017],[-81.0795,52.0589],[-81.1449,52.0398],[-81.4248,52.1447],[-81.5,52.2386],[-81.4455,52.2276],[-81.4364,52.2317],[-81.5615,52.2955],[-81.5059,52.3248],[-81.532,52.4426],[-81.8819,52.668],[-81.9374,52.7682],[-82.0,52.765],[-81.9434,52.7772],[-82.1073,52.8897],[-82.2928,52.9568],[-82.2576,52.9737],[-82.2589,53.1709],[-82.1081,53.2741],[-82.2148,53.5907],[-82.1239,53.8265],[-82.2438,54.0511],[-82.4363,54.2051],[-82.447,54.3595],[-82.4106,54.3601],[-82.3223,54.504],[-82.1954,54.8043],[-82.1968,54.8423],[-82.2156,54.8801],[-82.2355,54.8629],[-82.2619,54.8959],[-82.2236,54.9096],[-82.267,54.9317],[-82.2525,55.1096],[-82.3492,55.1565],[-82.3065,55.0533],[-82.416,55.0774],[-82.4623,55.1371],[-82.5236,55.1512],[-82.5518,55.1224],[-82.6736,55.1825],[-82.6991,55.1381],[-82.7971,55.128],[-82.883,55.1463],[-82.9542,55.2237],[-83.3375,55.1987],[-83.6722,55.2695],[-83.7435,55.2478],[-83.8928,55.295],[-84.0783,55.2501],[-84.3061,55.2752],[-84.544,55.2243],[-84.8522,55.2399],[-84.9718,55.2797],[-85.1255,55.2612],[-85.1221,55.3356],[-85.3601,55.3779],[-85.6419,55.5577],[-85.8955,55.6558],[-86.2686,55.708],[-86.3768,55.765],[-86.9012,55.9141],[-87.3613,55.9546],[-87.373,55.99],[-87.4807,56.0184],[-87.4728,56.049],[-87.5812,56.0518],[-87.6568,56.1067],[-87.8414,56.3458],[-87.812,56.3342],[-87.9237,56.3917],[-87.9791,56.4731],[-88.2584,56.5308],[-88.5043,56.6555],[-88.6237,56.6788],[-88.6886,56.7521],[-88.8183,56.7921],[-88.8017,56.8288],[-88.8441,56.8493],[-88.8294,56.8412],[-88.8567,56.8262],[-88.8642,56.8597],[-89.0507,56.8522],[-89.361,56.9235],[-89.5111,56.9263],[-89.9489,56.9995],[-90.0096,57.0245],[-89.9721,57.0174],[-88.8451,57.9919],[-80.0317,62.9164],[-80.0208,63.9148],[-85.0572,67.0],[-88.9851,67.0],[-88.9972,69.9587],[-92.4215,72.0],[-102.0324,73.4249],[-109.8311,73.9324],[-128.9426,89.9994],[-59.9913,82.1844],[-61.5853,81.9705],[-62.7612,81.728],[-62.8761,81.566],[-67.1272,80.7614],[-68.6147,80.3393],[-69.7574,79.6285],[-73.0224,78.8013],[-74.7498,77.5412],[-74.9847,76.6852],[-74.2906,75.9886],[-73.8124,75.6453],[-72.8913,74.6981],[-68.0502,73.5025],[-66.4994,73.3171],[-63.2372,71.7682],[-63.0658,71.7212],[-61.4813,70.4965],[-61.002,69.3448],[-60.0,68.7495]]]}},{"type":"Feature","id":"6205","properties":{"name":"Kivalliq","st":"62"},"geometry":{"type":"Polygon","coordinates":[[[-92.0125,67.0],[-88.5375,67.0],[-85.0572,67.0],[-80.0208,63.9148],[-80.0317,62.9164],[-88.8451,57.9919],[-89.992,57.0257],[-90.6358,57.2379],[-91.0036,57.2639],[-91.1594,57.2522],[-91.9578,57.0521],[-92.1062,57.0348],[-92.2098,57.0725],[-92.443,57.0467],[-92.7314,56.9222],[-92.754,56.9403],[-92.5403,57.1074],[-92.425,57.3577],[-92.5023,57.5307],[-92.7283,57.7992],[-92.868,58.1692],[-93.1144,58.4752],[-93.1666,58.7244],[-93.2457,58.7763],[-93.3818,58.7568],[-93.4181,58.7135],[-93.5,58.7763],[-93.5927,58.7658],[-93.7544,58.8007],[-93.7441,58.7706],[-93.8131,58.7693],[-93.8289,58.7994],[-93.8897,58.7516],[-94.1446,58.7752],[-94.2072,58.815],[-94.2935,58.7813],[-94.3412,58.7109],[-94.4655,58.7246],[-94.486,58.7885],[-94.6051,58.8601],[-94.6031,58.9397],[-94.6883,58.9463],[-94.7325,59.0028],[-94.7983,59.0105],[-94.8042,59.266],[-94.7449,59.3105],[-94.7677,59.3399],[-94.7087,59.3208],[-94.6645,59.3501],[-94.6691,59.3593],[-94.6839,59.362],[-94.7286,59.3325],[-94.7404,59.3343],[-94.7474,59.3379],[-94.7096,59.3838],[-94.8115,59.5445],[-94.7731,59.5642],[-94.8361,59.6021],[-94.7716,59.7863],[-94.8528,59.9629],[-94.8244,60.0],[-98.5,60.0],[-102.0,60.0],[-102.0,64.1891],[-105.0178,64.4774],[-104.9919,67.0],[-101.75,67.0],[-98.5,67.0],[-95.2625,67.0],[-92.0125,67.0]]]}},{"type":"Feature","id":"6208","properties":{"name":"Kitikmeot","st":"62"},"geometry":{"type":"Polygon","coordinates":[[[-102.0324,73.4249],[-92.4215,72.0],[-88.9972,69.9587],[-88.9851,67.0],[-92.9875,67.0],[-96.9875,67.0],[-100.9875,67.0],[-104.9919,67.0],[-105.0178,64.4774],[-108.8379,64.7321],[-110.5384,65.4458],[-112.5834,65.4471],[-117.0655,66.9292],[-118.5942,67.1989],[-120.6308,67.78],[-120.6055,68.6234],[-120.7249,69.575],[-116.4656,69.7028],[-116.7552,69.7864],[-117.0228,70.0003],[-112.8251,70.0025],[-112.8183,69.8473],[-112.5181,69.8476],[-112.5108,70.0017],[-109.8618,69.9981],[-109.8311,73.9324],[-102.0324,73.4249]]]}},{"type":"Feature","id":"4617","properties":{"name":"Division No. 17","st":"46"},"geometry":{"type":"Polygon","coordinates":[[[-99.9813,52.0578],[-99.9092,51.8587],[-99.8981,51.8616],[-99.8964,51.8782],[-99.8934,51.8854],[-99.8928,51.8845],[-99.8937,51.8358],[-99.9156,51.7952],[-99.9325,51.7907],[-99.9361,51.8188],[-99.9435,51.8226],[-99.9591,51.7959],[-99.953,51.6789],[-99.8632,51.653],[-99.8043,51.6008],[-99.8279,51.5747],[-99.7679,51.574],[-99.7226,51.6227],[-99.7138,51.5365],[-99.4336,51.5361],[-99.4337,51.4493],[-99.1217,51.4489],[-99.0662,51.2604],[-99.0557,51.2518],[-99.0387,51.2784],[-99.052,51.2931],[-99.0473,51.2948],[-99.0461,51.3005],[-99.0423,51.3037],[-99.0411,51.3036],[-98.947,51.1705],[-98.9608,51.2262],[-98.8546,51.2734],[-98.8655,51.0721],[-98.822,51.1172],[-98.7815,51.0981],[-98.8561,51.0608],[-98.8243,50.997],[-98.8641,50.88],[-98.6344,50.6161],[-98.7068,50.595],[-98.7071,50.5061],[-98.8472,50.5063],[-98.8468,50.5651],[-98.985,50.5648],[-98.9969,50.6394],[-99.6949,50.6388],[-99.6949,50.5944],[-99.8343,50.5945],[-99.8343,50.6524],[-100.0204,50.6534],[-100.102,50.7197],[-100.3689,50.683],[-100.3689,50.7265],[-100.5314,50.7271],[-100.5319,50.7713],[-100.6713,50.7712],[-100.6713,50.8598],[-100.9487,50.8597],[-100.9768,51.2137],[-100.884,51.1989],[-100.883,51.2576],[-100.9766,51.2577],[-100.9785,51.3619],[-100.6979,51.3623],[-100.7226,51.7111],[-99.9868,51.7152],[-99.9663,51.9133],[-99.9923,51.871],[-100.0105,52.0089],[-100.0318,51.974],[-100.0433,51.9995],[-99.9813,52.0578]]]}},{"type":"Feature","id":"4618","properties":{"name":"Division No. 18","st":"46"},"geometry":{"type":"Polygon","coordinates":[[[-98.3616,51.8252],[-98.3605,51.7859],[-98.3097,51.7794],[-98.3022,51.7584],[-98.3337,51.782],[-98.4982,51.7622],[-98.5393,51.7113],[-98.4443,51.5681],[-98.4443,51.4489],[-98.3035,51.4489],[-98.3037,51.3615],[-98.1593,51.3616],[-98.1394,51.2147],[-97.8836,51.2152],[-97.8843,51.3035],[-97.7436,51.3035],[-97.7434,51.2152],[-97.4622,51.2151],[-97.4621,51.304],[-96.9253,51.3029],[-97.0089,51.2144],[-96.973,51.1829],[-96.8978,51.2056],[-96.7371,51.3691],[-96.5295,51.4434],[-96.4902,51.3751],[-96.4597,51.3868],[-96.4416,51.3732],[-96.4584,51.3783],[-96.4741,51.3526],[-96.3688,51.319],[-96.2603,51.195],[-96.5002,51.1338],[-96.8013,50.9598],[-96.9576,51.038],[-96.9688,51.0359],[-96.9179,50.9989],[-96.9942,50.89],[-96.9438,50.8256],[-96.9979,50.6802],[-96.9409,50.5978],[-96.9892,50.5658],[-96.9515,50.4916],[-97.4614,50.507],[-97.4605,50.4188],[-97.6246,50.4182],[-97.5987,50.3296],[-97.9762,50.3294],[-98.1104,50.2459],[-98.3682,50.1842],[-98.5,50.2034],[-98.5872,50.2529],[-98.5971,50.336],[-98.5213,50.4029],[-98.7391,50.7729],[-98.8621,50.8749],[-98.8707,50.9382],[-98.8243,50.997],[-98.8561,51.0608],[-98.7421,51.1177],[-98.7466,51.1455],[-98.7116,51.0818],[-98.6492,51.085],[-98.6752,51.1613],[-98.6448,51.1516],[-98.652,51.1863],[-98.587,51.1766],[-98.5478,51.2147],[-98.5883,51.2449],[-98.5669,51.2824],[-98.6415,51.3108],[-98.6271,51.2835],[-98.7286,51.2943],[-98.7883,51.3962],[-98.8151,51.3813],[-98.7635,51.4643],[-98.7865,51.5311],[-98.7302,51.5682],[-98.8761,51.7109],[-98.8776,51.7555],[-98.7354,51.7551],[-98.7356,51.8856],[-98.5938,51.8858],[-98.5936,51.8276],[-98.3616,51.8252]]]}},{"type":"Feature","id":"4619","properties":{"name":"Division No. 19","st":"46"},"geometry":{"type":"Polygon","coordinates":[[[-97.6229,53.3792],[-95.848,53.371],[-94.2697,53.3772],[-95.1532,52.8406],[-95.1528,50.3958],[-95.5348,50.3648],[-95.5344,50.483],[-95.9465,50.4832],[-95.9461,50.5704],[-96.075,50.5716],[-96.0754,50.5915],[-96.2147,50.5918],[-96.2154,50.5534],[-96.3293,50.5532],[-96.3295,50.5967],[-96.5247,50.6896],[-96.5275,50.7808],[-96.5752,50.7458],[-96.5297,50.6803],[-96.6035,50.6612],[-96.583,50.5478],[-96.6308,50.5477],[-96.5782,50.4441],[-96.697,50.3882],[-96.8903,50.4008],[-96.9492,50.4309],[-96.9891,50.5641],[-96.9409,50.5977],[-96.9979,50.6802],[-96.9438,50.8256],[-96.9938,50.8926],[-96.9549,50.9361],[-96.9313,50.989],[-96.9193,50.996],[-96.9179,50.9989],[-96.9688,51.0358],[-96.8013,50.9598],[-96.5002,51.1338],[-96.3583,51.1872],[-96.2704,51.1884],[-96.3688,51.319],[-96.4741,51.3526],[-96.4416,51.3732],[-96.4902,51.3751],[-96.5324,51.4434],[-96.7371,51.3691],[-96.8978,51.2056],[-96.973,51.1829],[-97.0089,51.2144],[-96.9253,51.3029],[-97.4621,51.304],[-97.4622,51.2151],[-97.7434,51.2152],[-97.7436,51.3035],[-97.8843,51.3035],[-97.8836,51.2152],[-98.1394,51.2147],[-98.1593,51.3616],[-98.3037,51.3615],[-98.3035,51.4489],[-98.4443,51.4489],[-98.4443,51.5681],[-98.5393,51.7113],[-98.4982,51.7622],[-98.3337,51.782],[-98.3332,51.7771],[-98.319,51.7687],[-98.3127,51.7611],[-98.3086,51.7584],[-98.3056,51.7575],[-98.3096,51.7793],[-98.3605,51.7859],[-98.3609,51.8279],[-98.5936,51.8276],[-98.5938,51.8858],[-98.7356,51.8856],[-98.7354,51.7551],[-98.8776,51.7555],[-98.8771,51.7121],[-98.7302,51.5682],[-98.7865,51.5311],[-98.7635,51.4643],[-98.8151,51.3813],[-98.7883,51.3962],[-98.7286,51.2943],[-98.6271,51.2835],[-98.6415,51.3108],[-98.5669,51.2824],[-98.5883,51.2449],[-98.5478,51.2146],[-98.587,51.1766],[-98.652,51.1863],[-98.6448,51.1516],[-98.6529,51.168],[-98.6752,51.1613],[-98.6492,51.085],[-98.7116,51.0818],[-98.7466,51.1455],[-98.7461,51.115],[-98.822,51.1172],[-98.8653,51.072],[-98.8546,51.2734],[-98.9608,51.2262],[-98.947,51.1705],[-99.0411,51.3036],[-99.0662,51.2604],[-99.1217,51.4489],[-99.4337,51.4493],[-99.4336,51.5361],[-99.7138,51.5365],[-99.7226,51.6227],[-99.7679,51.574],[-99.825,51.5734],[-99.8043,51.6008],[-99.8632,51.653],[-99.9519,51.6778],[-99.9591,51.7959],[-99.9435,51.8226],[-99.9156,51.7952],[-99.8937,51.8358],[-99.8928,51.8845],[-99.9092,51.8587],[-99.977,52.0579],[-100.0433,51.9999],[-100.0318,51.974],[-100.0105,52.0089],[-99.9923,51.871],[-99.9716,51.9263],[-99.9648,51.9024],[-99.984,51.7195],[-100.018,51.7059],[-100.1381,51.8921],[-100.1086,51.9763],[-100.19,51.9712],[-100.1878,52.0041],[-100.2495,52.0126],[-100.4648,52.0124],[-100.4647,52.057],[-100.6101,52.0562],[-100.6083,52.2308],[-100.7517,52.2312],[-100.7531,52.3185],[-100.8222,52.3181],[-100.8229,52.4799],[-100.8794,52.5116],[-100.7751,52.6677],[-100.9447,52.6672],[-100.9452,52.8423],[-101.1142,52.8419],[-101.1146,52.7543],[-101.2601,52.755],[-101.2602,52.7984],[-101.3086,52.8127],[-101.5265,52.7834],[-101.6716,52.7981],[-101.6716,53.0013],[-100.0754,53.0005],[-97.3314,53.0001],[-97.4121,53.0306],[-97.4402,53.098],[-97.4077,53.1116],[-97.4711,53.1412],[-97.4042,53.1689],[-97.5853,53.2706],[-97.6229,53.3792]]]}},{"type":"Feature","id":"4620","properties":{"name":"Division No. 20","st":"46"},"geometry":{"type":"Polygon","coordinates":[[[-101.5316,52.7834],[-101.3086,52.8127],[-101.2602,52.7984],[-101.2601,52.755],[-101.1146,52.7543],[-101.1142,52.8419],[-100.9452,52.8423],[-100.9447,52.6672],[-100.7751,52.6677],[-100.8794,52.5116],[-100.8229,52.4799],[-100.8222,52.3181],[-100.7531,52.3185],[-100.7517,52.2312],[-100.6083,52.2308],[-100.6101,52.0562],[-100.4647,52.057],[-100.4648,52.0124],[-100.2495,52.0126],[-100.1878,52.0041],[-100.19,51.9712],[-100.1086,51.9762],[-100.1381,51.8921],[-100.0382,51.7113],[-100.7226,51.7111],[-100.6979,51.3623],[-100.9785,51.3619],[-100.9787,51.4493],[-101.2598,51.4493],[-101.2595,51.6214],[-101.399,51.6211],[-101.3996,51.565],[-101.5705,51.5664],[-101.6716,52.7981],[-101.5316,52.7834]]]}},{"type":"Feature","id":"4621","properties":{"name":"Division No. 21","st":"46"},"geometry":{"type":"Polygon","coordinates":[[[-98.9495,53.75],[-98.7455,53.8232],[-98.4595,53.8532],[-98.2834,53.8318],[-98.0753,53.752],[-98.0169,53.6753],[-97.8352,53.6136],[-97.7266,53.5357],[-97.6821,53.4128],[-97.5776,53.3382],[-97.5853,53.2706],[-97.4042,53.1689],[-97.4711,53.1412],[-97.4077,53.1116],[-97.4402,53.098],[-97.4121,53.0306],[-97.3314,53.0001],[-100.0754,53.0005],[-101.7007,53.0165],[-101.7006,53.3658],[-101.7355,53.3658],[-101.7354,53.7107],[-101.7707,53.7109],[-101.7713,54.0644],[-101.8104,54.0644],[-101.8105,54.4135],[-101.8475,54.4136],[-101.8474,54.7625],[-101.8853,54.7625],[-101.9637,55.624],[-99.0172,55.6255],[-98.9495,53.75]]]}},{"type":"Feature","id":"4622","properties":{"name":"Division No. 22","st":"46"},"geometry":{"type":"Polygon","coordinates":[[[-95.0001,55.1759],[-91.6478,55.1585],[-93.6296,53.7502],[-94.2697,53.3772],[-95.848,53.371],[-97.6311,53.379],[-97.8115,53.6014],[-98.0169,53.6753],[-98.0721,53.7503],[-98.2713,53.8285],[-98.4213,53.8524],[-98.6336,53.8414],[-98.9495,53.7459],[-99.0294,56.3336],[-95.0001,56.335],[-95.0001,55.1759]]]}},{"type":"Feature","id":"4623","properties":{"name":"Division No. 23","st":"46"},"geometry":{"type":"Polygon","coordinates":[[[-94.8228,59.9991],[-94.8528,59.9629],[-94.7716,59.7863],[-94.8361,59.6021],[-94.7731,59.5642],[-94.8115,59.5445],[-94.7096,59.3838],[-94.7474,59.3379],[-94.6839,59.362],[-94.6645,59.3501],[-94.7087,59.3208],[-94.7677,59.3399],[-94.7449,59.3105],[-94.8042,59.266],[-94.7983,59.0105],[-94.7325,59.0028],[-94.6883,58.9463],[-94.6031,58.9397],[-94.6051,58.8601],[-94.486,58.7885],[-94.4655,58.7246],[-94.3412,58.7109],[-94.2935,58.7813],[-94.2072,58.815],[-94.1446,58.7752],[-93.8897,58.7516],[-93.8289,58.7994],[-93.8131,58.7693],[-93.7441,58.7706],[-93.7421,58.7773],[-93.7558,58.7951],[-93.7544,58.8007],[-93.5927,58.7658],[-93.5,58.7763],[-93.4181,58.7135],[-93.3818,58.7568],[-93.2457,58.7763],[-93.1666,58.7244],[-93.1144,58.4752],[-92.868,58.1692],[-92.7283,57.7992],[-92.5023,57.5307],[-92.425,57.3577],[-92.5403,57.1074],[-92.754,56.9403],[-92.7314,56.9222],[-92.443,57.0467],[-92.2098,57.0725],[-92.1062,57.0348],[-91.9578,57.0521],[-91.1594,57.2522],[-90.882,57.2676],[-90.3915,57.1782],[-89.9489,56.9995],[-88.9796,56.8511],[-91.6478,55.1585],[-95.0001,55.1759],[-95.0001,56.335],[-99.0294,56.3336],[-99.0172,55.6255],[-101.9637,55.624],[-101.9639,55.8095],[-102.0041,55.8094],[-102.0,60.0],[-98.5,60.0],[-94.8228,59.9991]]]}},{"type":"Feature","id":"4701","properties":{"name":"Division No.  1","st":"47"},"geometry":{"type":"Polygon","coordinates":[[[-103.2242,50.0472],[-101.4473,50.064],[-101.362,48.9995],[-103.2087,48.9994],[-103.2242,50.0472]]]}},{"type":"Feature","id":"4702","properties":{"name":"Division No.  2","st":"47"},"geometry":{"type":"Polygon","coordinates":[[[-105.2578,50.047],[-103.2338,50.0473],[-103.2087,48.9994],[-105.2116,48.9994],[-105.2344,49.2608],[-105.5032,49.2611],[-105.5038,49.348],[-105.3689,49.348],[-105.3686,49.3887],[-105.2339,49.3858],[-105.2827,49.8721],[-105.2578,50.047]]]}},{"type":"Feature","id":"4703","properties":{"name":"Division No.  3","st":"47"},"geometry":{"type":"Polygon","coordinates":[[[-107.6429,50.0478],[-105.2824,50.047],[-105.2339,49.3858],[-105.3686,49.3887],[-105.3689,49.348],[-105.5038,49.348],[-105.5032,49.2611],[-105.2344,49.2608],[-105.2116,48.9994],[-107.2089,49.0],[-107.2173,49.2618],[-107.6205,49.2618],[-107.6429,50.0478]]]}},{"type":"Feature","id":"4704","properties":{"name":"Division No.  4","st":"47"},"geometry":{"type":"Polygon","coordinates":[[[-109.3039,50.3102],[-108.8917,50.3101],[-108.8716,50.048],[-108.462,50.0477],[-108.4621,49.9605],[-108.0514,49.9608],[-108.0523,50.0478],[-107.6429,50.0478],[-107.6205,49.2618],[-107.2173,49.2618],[-107.2089,49.0],[-110.005,48.9997],[-110.0047,50.1348],[-109.6916,50.1355],[-109.6913,50.0479],[-109.2813,50.0479],[-109.3039,50.3102]]]}},{"type":"Feature","id":"4705","properties":{"name":"Division No.  5","st":"47"},"geometry":{"type":"Polygon","coordinates":[[[-103.2702,51.122],[-101.539,51.1251],[-101.4473,50.064],[-103.2338,50.0473],[-103.2447,50.3094],[-103.381,50.3091],[-103.3824,50.5675],[-103.2435,50.5294],[-103.2702,51.122]]]}},{"type":"Feature","id":"4706","properties":{"name":"Division No.  6","st":"47"},"geometry":{"type":"Polygon","coordinates":[[[-105.6359,51.0957],[-104.7984,51.0957],[-104.7984,51.1388],[-104.6589,51.1388],[-104.6589,51.183],[-104.5193,51.183],[-104.5198,51.0957],[-103.6904,51.0953],[-103.6905,51.1217],[-103.2702,51.122],[-103.2435,50.5294],[-103.3824,50.5675],[-103.381,50.3091],[-103.2447,50.3094],[-103.2338,50.0473],[-105.2824,50.047],[-105.3057,50.5716],[-105.5013,50.6422],[-105.6095,50.7253],[-105.6359,50.9213],[-105.6359,51.0957]]]}},{"type":"Feature","id":"4707","properties":{"name":"Division No.  7","st":"47"},"geometry":{"type":"Polygon","coordinates":[[[-107.6789,51.2709],[-106.8614,51.2732],[-106.7891,51.1677],[-106.6296,51.0972],[-105.6359,51.0957],[-105.6095,50.7253],[-105.5013,50.6422],[-105.3057,50.5716],[-105.2824,50.047],[-107.6429,50.0478],[-107.6546,50.4913],[-107.7366,50.6504],[-107.8052,50.6791],[-107.8184,51.0094],[-107.6778,51.0092],[-107.6789,51.2709]]]}},{"type":"Feature","id":"4708","properties":{"name":"Division No.  8","st":"47"},"geometry":{"type":"Polygon","coordinates":[[[-110.005,51.3579],[-107.6913,51.3582],[-107.6778,51.0092],[-107.8184,51.0094],[-107.8184,50.9217],[-107.8052,50.6791],[-107.7366,50.6504],[-107.6546,50.4913],[-107.6429,50.0478],[-108.0523,50.0478],[-108.0514,49.9608],[-108.4621,49.9605],[-108.462,50.0477],[-108.8716,50.048],[-108.8917,50.3101],[-109.3039,50.3102],[-109.2813,50.0479],[-109.6913,50.0479],[-109.6916,50.1355],[-110.0064,50.1348],[-110.005,51.3579]]]}},{"type":"Feature","id":"4709","properties":{"name":"Division No.  9","st":"47"},"geometry":{"type":"Polygon","coordinates":[[[-103.2914,52.3188],[-101.6091,52.3182],[-101.539,51.1251],[-103.2702,51.122],[-103.2914,52.3188]]]}},{"type":"Feature","id":"4710","properties":{"name":"Division No. 10","st":"47"},"geometry":{"type":"Polygon","coordinates":[[[-105.0004,52.1434],[-103.2914,52.1438],[-103.2702,51.122],[-103.6905,51.1217],[-103.6904,51.0953],[-104.5198,51.0957],[-104.5193,51.183],[-104.6589,51.183],[-104.6589,51.1388],[-104.7984,51.1388],[-104.8194,51.358],[-104.9599,51.358],[-105.0004,52.1434]]]}},{"type":"Feature","id":"4711","properties":{"name":"Division No. 11","st":"47"},"geometry":{"type":"MultiPolygon","coordinates":[[[[-107.0778,51.4965],[-107.0921,51.4779],[-107.1052,51.4964],[-107.0778,51.4965]]],[[[-107.1147,52.3901],[-107.048,52.3699],[-106.9788,52.406],[-106.6758,52.4056],[-106.6757,52.4348],[-106.344,52.4351],[-106.4583,52.3185],[-106.4323,52.1438],[-105.0043,52.1437],[-104.9599,51.358],[-104.8194,51.358],[-104.7984,51.0957],[-106.586,51.0961],[-106.7557,51.145],[-106.871,51.2815],[-106.9618,51.3218],[-106.9996,51.4025],[-107.0854,51.4327],[-107.0491,51.5893],[-106.9554,51.6684],[-106.805,51.7177],[-106.7299,51.8298],[-106.7745,51.92],[-106.7469,51.9354],[-106.8607,51.9692],[-106.8605,52.1439],[-107.289,52.1438],[-107.2994,52.3516],[-107.194,52.353],[-107.1147,52.3901]]]]}},{"type":"Feature","id":"4712","properties":{"name":"Division No. 12","st":"47"},"geometry":{"type":"Polygon","coordinates":[[[-108.368,52.7896],[-108.0433,52.5816],[-107.8515,52.5632],[-107.4108,52.3513],[-107.2994,52.3516],[-107.289,52.1438],[-106.8605,52.1439],[-106.8607,51.9692],[-106.7469,51.9354],[-106.7745,51.92],[-106.7321,51.8194],[-106.805,51.7177],[-106.9554,51.6684],[-107.0491,51.5893],[-107.0687,51.5627],[-107.0684,51.5124],[-107.0729,51.4877],[-107.0891,51.446],[-106.9996,51.4025],[-106.9618,51.3218],[-106.9038,51.3026],[-106.8614,51.2732],[-106.8743,51.2675],[-107.6913,51.2708],[-107.6913,51.3582],[-108.5353,51.3582],[-108.5548,51.8813],[-108.414,51.8817],[-108.4502,52.4057],[-108.1623,52.406],[-108.1625,52.4283],[-108.201,52.4276],[-108.2007,52.465],[-108.3434,52.4654],[-108.3407,52.5804],[-108.594,52.5803],[-108.5936,52.6677],[-108.762,52.6676],[-108.7629,53.0002],[-108.3663,52.8556],[-108.368,52.7896]],[[-107.0921,51.4779],[-107.0778,51.4965],[-107.1052,51.4964],[-107.0921,51.4779]]]}},{"type":"Feature","id":"4713","properties":{"name":"Division No. 13","st":"47"},"geometry":{"type":"Polygon","coordinates":[[[-109.7444,53.0286],[-109.5736,53.0461],[-109.473,53.0164],[-109.1984,53.0156],[-109.1971,52.9325],[-109.0009,52.9583],[-109.0026,52.9168],[-108.921,52.9027],[-108.9131,52.8691],[-108.7683,52.8864],[-108.762,52.6676],[-108.5936,52.6677],[-108.594,52.5803],[-108.3407,52.5804],[-108.3434,52.4654],[-108.2007,52.465],[-108.201,52.4276],[-108.1625,52.4283],[-108.1623,52.406],[-108.4502,52.4057],[-108.414,51.8817],[-108.5548,51.8813],[-108.5353,51.3582],[-110.005,51.3579],[-110.0052,52.8573],[-109.7444,53.0286]]]}},{"type":"Feature","id":"4714","properties":{"name":"Division No. 14","st":"47"},"geometry":{"type":"Polygon","coordinates":[[[-103.6273,53.6387],[-103.4246,53.6421],[-103.3911,53.6864],[-103.1573,53.7195],[-103.0384,53.7831],[-103.035,53.7141],[-101.7354,53.7107],[-101.6378,52.3181],[-103.2914,52.3188],[-103.2914,52.1438],[-104.578,52.1439],[-104.6358,53.2316],[-104.7523,53.2183],[-104.7865,53.1729],[-104.9013,53.1671],[-104.9679,53.2335],[-105.0747,53.2433],[-105.1297,53.8021],[-103.6428,53.8015],[-103.6273,53.6387]]]}}]}